,user_id,views,level,kills,br_rank,br_mmr,ar_rank,ar_mmr,legend
0,KeonTwitch,43568 views,2884.0,44680.0,Apex Predator,63884.0,Bronze 4,0AP,Octane
1,xEffecto,10551 views,940.0,13696.0,Apex Predator,62922.0,Bronze 4,0AP,Pathfinder
2,ZlEMZY_,28985 views,3535.0,0.0,Apex Predator,50131.0,Bronze 4,0AP,Wraith
3,HisWattsonTwitch,15202 views,3442.0,164.0,Apex Predator,47511.0,Bronze 4,0AP,Wattson
4,LiLEnEmYvXD,4480 views,1159.0,11376.0,Apex Predator,47217.0,Bronze 4,0AP,Bloodhound
5,Crewsn_Twitch,2024 views,3023.0,43536.0,Apex Predator,44943.0,Bronze 4,0AP,Pathfinder
6,Rambrro-Twitch,8106 views,3794.0,52822.0,Apex Predator,42905.0,Bronze 4,0AP,Wraith
7,E6_TrixX,2931 views,1993.0,54782.0,Apex Predator,40714.0,Bronze 4,0AP,Lifeline
8,Moko_is_No1,3473 views,3683.0,45178.0,Apex Predator,40121.0,Bronze 4,0AP,Wraith
9,Revel-symphony-1,1348 views,509.0,8126.0,Apex Predator,37814.0,Bronze 4,0AP,Pathfinder
10,ProdigyAces,8837 views,3753.0,75285.0,Apex Predator,36678.0,Bronze 4,0AP,Wraith
11,Stankiniii,1274 views,2897.0,14.0,Apex Predator,35409.0,Bronze 4,0AP,Wraith
12,COL_Reptar,4485 views,2437.0,46821.0,Apex Predator,35170.0,Bronze 4,0AP,Lifeline
13,VOL_zZ_youtube_,1643 views,1378.0,9930.0,Apex Predator,34450.0,Bronze 4,0AP,Bloodhound
14,its2ez4cz,4710 views,3686.0,58827.0,Apex Predator,34360.0,Platinum 2,5600AP,Wraith
15,rHiro_,3953 views,2260.0,226.0,Apex Predator,33881.0,Bronze 4,0AP,Pathfinder
16,tttcheekyttt_SBI,47950 views,3343.0,44233.0,Apex Predator,33880.0,Bronze 4,0AP,Pathfinder
17,ASKYYYYYYY,4709 views,3973.0,58141.0,Apex Predator,33644.0,Bronze 4,0AP,Lifeline
18,Lumi_NetDoma,1500 views,2277.0,23995.0,Apex Predator,33570.0,Bronze 4,0AP,Wraith
19,DNA_Cody,7112 views,4262.0,60567.0,Apex Predator,33440.0,Bronze 4,0AP,Octane
20,Kotigami,2612 views,4342.0,76988.0,Apex Predator,33139.0,Bronze 4,0AP,Pathfinder
21,gutshot115,19787 views,4064.0,15.0,Apex Predator,32775.0,Bronze 4,0AP,Wraith
22,ItsDieseI-,3931 views,3246.0,65277.0,Apex Predator,32107.0,Bronze 4,0AP,Wraith
23,DeFy_Spitz,1126 views,2082.0,15469.0,Apex Predator,31575.0,Bronze 4,0AP,Wraith
24,Agerschou,4148 views,3943.0,57443.0,Apex Predator,31544.0,Bronze 4,0AP,Wraith
25,nvmessiahttv,18472 views,2649.0,11674.0,Apex Predator,30997.0,Bronze 4,0AP,Horizon
26,Kiy0WwwOnTwitch,1014 views,1501.0,16874.0,Apex Predator,29843.0,Master,8451AP,Wraith
27,igrindapexagain,21040 views,1809.0,44148.0,Apex Predator,29571.0,Bronze 4,0AP,Ash
28,StaxkzFPS,1383 views,1376.0,17938.0,Apex Predator,29016.0,Bronze 4,0AP,Wraith
29,pyradice8,380 views,1790.0,38977.0,Apex Predator,28781.0,Bronze 4,0AP,Wraith
30,Awesomee_Tryhard,24013 views,1916.0,444.0,Apex Predator,28413.0,Bronze 4,0AP,Gibraltar
31,Ttv_Djkilla05,3201 views,3110.0,15833.0,Apex Predator,28033.0,Bronze 4,212AP,Mirage
32,BleaaOnTwitch,5887 views,1712.0,67.0,Apex Predator,27738.0,Bronze 4,109AP,Gibraltar
33,Twitch_Fguuz,944 views,1997.0,17935.0,Apex Predator,27406.0,Bronze 4,0AP,Pathfinder
34,Bili_9397070QM,678 views,1066.0,12932.0,Apex Predator,27318.0,Bronze 4,0AP,Wraith
35,zRinngu,238 views,1930.0,25405.0,Apex Predator,27154.0,Bronze 4,0AP,Wraith
36,Moiraveer,16450 views,3871.0,3136.0,Apex Predator,27105.0,Bronze 4,0AP,Wraith
37,GAISEN_ARUFA,5332 views,2386.0,5097.0,Apex Predator,26788.0,Bronze 4,1AP,Horizon
38,KNG_Graceful,1551 views,2397.0,50155.0,Apex Predator,26622.0,Bronze 4,0AP,Wraith
39,Jacqb-,1295 views,2536.0,48617.0,Apex Predator,26517.0,Bronze 4,0AP,Loba
40,twiizowl,601 views,1412.0,23830.0,Apex Predator,26421.0,Bronze 4,0AP,Wraith
41,takeuchiseiya,17073 views,2926.0,32530.0,Apex Predator,26501.0,Platinum 2,5900AP,Pathfinder
42,LnK_FePoP,5838 views,2825.0,51859.0,Apex Predator,26252.0,Bronze 4,0AP,Wraith
43,RemixPowerz,1928 views,2702.0,27667.0,Apex Predator,26197.0,Bronze 4,1AP,Bloodhound
44,Jcvd_henchman,1652 views,2181.0,713.0,Apex Predator,26062.0,Bronze 4,1AP,Wraith
45,CLT_Greek,5571 views,4083.0,64445.0,Apex Predator,25700.0,Bronze 4,0AP,Wraith
46,TrzAxel,1724 views,1584.0,19731.0,Apex Predator,25651.0,Platinum 2,5686AP,Wraith
47,MrT34J,60 views,572.0,4476.0,Apex Predator,25538.0,Platinum 1,6019AP,Octane
48,jotaroolf,1220 views,2973.0,48367.0,Apex Predator,25443.0,Bronze 4,1AP,Wraith
49,JamessFearless,2128 views,3754.0,63189.0,Apex Predator,25331.0,Gold 4,3516AP,Wraith
50,CirclinEdge,204 views,1312.0,8923.0,Apex Predator,25272.0,Bronze 4,0AP,Wraith
51,Speed_DONOTPUSH,53 views,318.0,109.0,Apex Predator,25175.0,Silver 4,1834AP,Wraith
52,QuicheFPS,946 views,1241.0,9770.0,Apex Predator,25172.0,Platinum 1,6068AP,Octane
53,pnb_lucas,9577 views,3293.0,157.0,Apex Predator,25150.0,Master,8515AP,Wraith
54,Deathtenys,909 views,2952.0,34820.0,Apex Predator,25329.0,Bronze 3,602AP,Wraith
55,bembo166,540 views,551.0,1973.0,Apex Predator,25067.0,Diamond 3,6988AP,Gibraltar
56,vreyzh-,4439 views,1752.0,575.0,Apex Predator,25055.0,Bronze 4,0AP,Wraith
57,zvoidXYZ,384 views,236.0,51.0,Apex Predator,25038.0,Bronze 4,0AP,Wraith
58,MezzyTheGod,1507 views,2172.0,16481.0,Apex Predator,25017.0,Bronze 4,0AP,Valkyrie
59,SSG_Dropped,55086 views,3944.0,64953.0,Apex Predator,24992.0,Bronze 4,0AP,Pathfinder
60,llOriolesll,48401 views,3436.0,20.0,Apex Predator,24941.0,Bronze 4,109AP,Wraith
61,zodxyy,1663 views,2013.0,27154.0,Apex Predator,24627.0,Silver 3,2388AP,Wraith
62,YouTube_Candy-Da,2020 views,2527.0,24580.0,Apex Predator,24445.0,Bronze 4,0AP,Wraith
63,DXT_gdolphn,2649 views,3029.0,2442.0,Apex Predator,24419.0,Bronze 4,0AP,Octane
64,Gufret,4207 views,2035.0,23.0,Apex Predator,24371.0,Master,8224AP,Horizon
65,All-Scary,838 views,1490.0,4987.0,Apex Predator,24406.0,Bronze 4,0AP,Wraith
66,AckBTW_TTV,1341 views,2722.0,66129.0,Apex Predator,24256.0,Bronze 4,0AP,Wraith
67,C9_StayNaughty,14027 views,2908.0,39485.0,Apex Predator,24074.0,Bronze 4,0AP,Wraith
68,SoaR_BaronfuI,8387 views,3695.0,75075.0,Apex Predator,23772.0,Bronze 4,0AP,Wraith
69,69iQ_KSWINNIIE,10236 views,3973.0,56930.0,Apex Predator,23737.0,Bronze 4,0AP,Pathfinder
70,Seabrehh,16991 views,6195.0,111755.0,Apex Predator,23726.0,Bronze 4,0AP,Octane
71,kiskq_,5981 views,3790.0,67675.0,Apex Predator,23526.0,Bronze 4,0AP,Lifeline
72,Dazeyz,123 views,744.0,34.0,Apex Predator,23493.0,Gold 1,4528AP,Wraith
73,uException_Hs,1693 views,1420.0,11795.0,Apex Predator,23470.0,Bronze 4,0AP,Bloodhound
74,donjwa_x,160 views,3720.0,58444.0,Apex Predator,23284.0,Master,8071AP,Pathfinder
75,zTTXTR,4860 views,2809.0,33.0,Apex Predator,23453.0,Bronze 4,0AP,Wraith
76,The_Detonator,817 views,2381.0,32286.0,Apex Predator,23232.0,Bronze 4,0AP,Wraith
77,Neyaz-R1,958 views,1544.0,7357.0,Apex Predator,23147.0,Bronze 4,0AP,Bangalore
78,DownBaddddd,377 views,1480.0,16963.0,Apex Predator,23128.0,Bronze 4,0AP,Wraith
79,LiphelisX,2096 views,1456.0,6.0,Apex Predator,23134.0,Diamond 1,7655AP,Wraith
80,LonelyPass6,191 views,314.0,1021.0,Apex Predator,23091.0,Silver 2,2400AP,Octane
81,Lykq8don,1152 views,669.0,2866.0,Apex Predator,23062.0,Bronze 4,250AP,Horizon
82,urufu0529,2379 views,2372.0,14599.0,Apex Predator,23051.0,Bronze 4,0AP,Wraith
83,E6_Slayers,2638 views,1385.0,17967.0,Apex Predator,23037.0,Bronze 4,0AP,Gibraltar
84,Pstolz,2967 views,1821.0,12375.0,Apex Predator,22959.0,Bronze 4,0AP,Wraith
85,Digital_rayzn,476 views,1355.0,138.0,Apex Predator,22892.0,Bronze 4,0AP,Mad Maggie
86,Verloxs,2599 views,2250.0,3115.0,Apex Predator,22944.0,Bronze 4,0AP,Wraith
87,mikigalic,1354 views,3928.0,72344.0,Apex Predator,22715.0,Silver 2,2470AP,Wraith
88,iWeakQ,2603 views,1285.0,11013.0,Apex Predator,22664.0,Bronze 4,0AP,Wraith
89,CNKF_Xzz,1221 views,2519.0,43148.0,Apex Predator,22657.0,Bronze 4,0AP,Wraith
90,DeathBox-OKAYAMA,161 views,910.0,18043.0,Apex Predator,22618.0,Bronze 4,0AP,Wraith
91,Zeahry,631 views,2088.0,22554.0,Apex Predator,22590.0,Master,10066AP,Wraith
92,TheMatzies,1472 views,692.0,33.0,Apex Predator,22565.0,Bronze 4,0AP,Pathfinder
93,ninjadevin07,5110 views,2870.0,33160.0,Apex Predator,22471.0,Platinum 2,5600AP,Wraith
94,xRay_Minkie,2182 views,1219.0,10100.0,Apex Predator,22125.0,Gold 4,3296AP,Revenant
95,XKLL_Aniaaa,2840 views,4272.0,70406.0,Apex Predator,22314.0,Bronze 4,0AP,Pathfinder
96,Vexed_B4mbino,1178 views,1883.0,29478.0,Apex Predator,22293.0,Platinum 3,5588AP,Pathfinder
97,therealsmilie,63 views,213.0,116.0,Apex Predator,22283.0,Master,8706AP,Wraith
98,kiritosan4649x,602 views,1161.0,11685.0,Apex Predator,22170.0,Bronze 4,0AP,Wraith
99,Regret_Vector,3416 views,4184.0,84811.0,Apex Predator,22165.0,Bronze 4,0AP,Lifeline
100,Oakleighh,3115 views,2548.0,61.0,Apex Predator,22101.0,Bronze 4,0AP,Pathfinder
101,xTrA_Minkie,2168 views,1218.0,10100.0,Apex Predator,22087.0,Gold 4,3296AP,Revenant
102,BlurrFlavorztv,1672 views,2470.0,34547.0,Apex Predator,21995.0,Bronze 4,0AP,Wraith
103,Rogue_NRG,69422 views,4763.0,42565.0,Apex Predator,21970.0,Bronze 4,0AP,Bloodhound
104,Arctohh,839 views,1359.0,12954.0,Apex Predator,21959.0,Bronze 4,0AP,Pathfinder
105,Kkhaleeesi,844 views,1936.0,8058.0,Apex Predator,21945.0,Bronze 4,0AP,Gibraltar
106,secret_zero_agen,376 views,1891.0,31.0,Apex Predator,21793.0,Silver 3,2247AP,Wraith
107,williqm_o,95 views,616.0,2055.0,Apex Predator,21727.0,Bronze 4,0AP,Pathfinder
108,PaddyOhFurniture,161 views,697.0,9711.0,Apex Predator,21800.0,Bronze 4,0AP,Pathfinder
109,Luxfordy,1350 views,1099.0,12585.0,Apex Predator,21726.0,Bronze 4,0AP,Pathfinder
110,KMKZ_ikr,1129 views,3657.0,51090.0,Apex Predator,21708.0,Platinum 1,6324AP,Pathfinder
111,xPonny,195 views,529.0,5517.0,Apex Predator,21671.0,Platinum 2,5924AP,Wraith
112,FoudingMegaTITAN,1226 views,2181.0,24308.0,Apex Predator,21632.0,Bronze 4,0AP,Horizon
113,V3_1tappy,6489 views,3373.0,45258.0,Apex Predator,21604.0,Bronze 4,0AP,Wraith
114,brooksstyle,31291 views,4890.0,60434.0,Apex Predator,21547.0,Bronze 4,0AP,Wattson
115,lxght,147 views,1023.0,557.0,Apex Predator,21544.0,Bronze 4,0AP,Wraith
116,cgk0,2992 views,3807.0,405.0,Apex Predator,21522.0,Bronze 4,1AP,Bloodhound
117,Ak47tsuki,3952 views,1805.0,347.0,Apex Predator,21471.0,Bronze 4,0AP,Bangalore
118,RoadtoMaster_V2,161 views,226.0,1516.0,Apex Predator,21488.0,Bronze 4,0AP,Octane
119,Twitch_zachyy01,288 views,1541.0,12044.0,Apex Predator,21482.0,Bronze 4,0AP,Wraith
120,UFO_Yamauchi,160 views,128.0,27.0,Apex Predator,21474.0,Bronze 4,0AP,Mad Maggie
121,Awons,1053 views,1140.0,7942.0,Apex Predator,21426.0,Bronze 4,0AP,Wraith
122,DeathFormz,1924 views,870.0,4322.0,Apex Predator,21381.0,Bronze 4,0AP,Wraith
123,iSangLion,742 views,2381.0,24935.0,Apex Predator,21556.0,Bronze 4,1AP,Wraith
124,tdonFPS,1490 views,2188.0,28389.0,Apex Predator,21363.0,Platinum 2,5600AP,Octane
125,Pierrot_m4ou,1068 views,2264.0,28272.0,Apex Predator,21353.0,Bronze 4,0AP,Bangalore
126,Bili_23446588LH,404 views,349.0,1305.0,Apex Predator,21304.0,Bronze 4,0AP,Bloodhound
127,Crxsadxr,362 views,1211.0,3353.0,Apex Predator,21253.0,Bronze 4,0AP,Loba
128,kqmo0,1076 views,2478.0,33491.0,Apex Predator,21225.0,Diamond 3,7030AP,Horizon
129,Cloneeeeeeeeeee,2076 views,3105.0,36268.0,Apex Predator,21190.0,Bronze 4,0AP,Pathfinder
130,veqtol,991 views,2822.0,22481.0,Apex Predator,21159.0,Bronze 4,0AP,Wraith
131,FIFA_KENZ_8,954 views,2227.0,28328.0,Apex Predator,21145.0,Diamond 4,6486AP,Wraith
132,Douyu_DF_Roieee,3697 views,1441.0,25543.0,Apex Predator,21126.0,Bronze 4,0AP,Pathfinder
133,0morgan,1163 views,1170.0,2276.0,Apex Predator,21117.0,Master,8229AP,Horizon
134,Twitch_Spongeetl,2052 views,2920.0,38272.0,Apex Predator,20998.0,Bronze 4,0AP,Octane
135,uC_Jonathan18782,4022 views,3659.0,1287.0,Apex Predator,21056.0,Bronze 4,236AP,Mirage
136,Nan2tdcc,537 views,2617.0,1.0,Apex Predator,20965.0,Platinum 2,5814AP,Wraith
137,BIILLFPS,209 views,435.0,3828.0,Apex Predator,21053.0,Bronze 4,0AP,Pathfinder
138,takeuchiharuka,584 views,2118.0,1117.0,Apex Predator,21029.0,Bronze 4,0AP,Wraith
139,ipresssure,1832 views,2244.0,14272.0,Apex Predator,21014.0,Bronze 4,0AP,Gibraltar
140,KennyAced,480 views,1020.0,15865.0,Apex Predator,20998.0,Bronze 4,0AP,Wraith
141,cjracked,1286 views,1781.0,29771.0,Apex Predator,20982.0,Bronze 4,0AP,Horizon
142,ioJinx,963 views,1504.0,113.0,Apex Predator,20978.0,Bronze 4,0AP,Octane
143,MASTIFFEY,2415 views,3011.0,28267.0,Apex Predator,20951.0,Bronze 4,0AP,Wraith
144,Nv_targetttv,1275 views,3897.0,0.0,Apex Predator,20906.0,Bronze 4,0AP,Wraith
145,eCozyy,807 views,2428.0,41.0,Apex Predator,20872.0,Platinum 2,5600AP,Wraith
146,Yukiemkt,35 views,299.0,1822.0,Apex Predator,20798.0,Bronze 4,0AP,Wraith
147,Ken_LFT,543 views,1750.0,21782.0,Apex Predator,20790.0,Platinum 4,4885AP,Wraith
148,ProbGarrett-FB,2984 views,3325.0,69052.0,Apex Predator,20782.0,Bronze 4,0AP,Wraith
149,TicketToLaLaLand,1098 views,1583.0,13603.0,Apex Predator,20729.0,Bronze 4,0AP,Pathfinder
150,Zarky_Virus,22 views,150.0,62.0,Apex Predator,20724.0,Gold 1,4662AP,Bloodhound
151,TheGlxryDays,1142 views,2526.0,29174.0,Apex Predator,20648.0,Bronze 4,0AP,Wraith
152,sSikezz,2421 views,1763.0,27117.0,Apex Predator,20754.0,Bronze 4,0AP,Wraith
153,AirAmericaTV,10308 views,5608.0,137812.0,Apex Predator,20585.0,Bronze 4,0AP,Pathfinder
154,LNR_LqDuD,604 views,1220.0,20852.0,Apex Predator,20551.0,Gold 2,4123AP,Wraith
155,Barb3CueFPS,51 views,913.0,3789.0,Apex Predator,20527.0,Platinum 3,5200AP,Wraith
156,DYS-YuYuYBuJu,1321 views,456.0,130.0,Apex Predator,20516.0,Bronze 4,0AP,Horizon
157,shqoz,3287 views,3257.0,57627.0,Apex Predator,20507.0,Bronze 4,0AP,Bangalore
158,NeedHair,696 views,1735.0,216.0,Apex Predator,20420.0,Master,8605AP,Wraith
159,J5671,1160 views,3547.0,33129.0,Apex Predator,20386.0,Bronze 4,0AP,Pathfinder
160,imposible999,136 views,576.0,6341.0,Apex Predator,20359.0,Bronze 4,0AP,Bangalore
161,Buliio_,695 views,923.0,139.0,Apex Predator,20358.0,Bronze 3,745AP,Bloodhound
162,ninsey,4727 views,3475.0,105.0,Apex Predator,20351.0,Bronze 4,1AP,Wraith
163,AmishGob,258 views,1529.0,12083.0,Apex Predator,20324.0,Platinum 2,5678AP,Octane
164,bili_xiomo,169 views,569.0,480231.0,Apex Predator,20424.0,Bronze 4,0AP,Octane
165,Moamg,73 views,226.0,33.0,Apex Predator,20253.0,Bronze 3,746AP,Caustic
166,NianBaiYa,560 views,684.0,5446.0,Apex Predator,20236.0,Bronze 4,0AP,Wraith
167,WraithNooby,1084 views,2463.0,38690.0,Apex Predator,20166.0,Platinum 3,5426AP,Wraith
168,xles_paul,704 views,2514.0,19801.0,Apex Predator,20132.0,Bronze 4,0AP,Horizon
169,TNM_7Nery_H,945 views,2209.0,15252.0,Apex Predator,20129.0,Bronze 4,0AP,Wraith
170,Jack3y1ove0887,549 views,1927.0,22595.0,Apex Predator,20126.0,Master,9038AP,Wraith
171,ttv_allukaFPS,1642 views,2341.0,34414.0,Apex Predator,20113.0,Platinum 2,5719AP,Wraith
172,ni-muy,604 views,2124.0,320.0,Apex Predator,20298.0,Bronze 4,0AP,Horizon
173,myr9slaps,1420 views,1296.0,122.0,Apex Predator,20104.0,Bronze 4,0AP,Octane
174,Bili24502367CF,74 views,2223.0,24858.0,Apex Predator,20067.0,Bronze 4,0AP,Wraith
175,DV_iuffy,4203 views,4075.0,56481.0,Apex Predator,20061.0,Bronze 4,0AP,Pathfinder
176,AvoidTaj,316 views,637.0,2368.0,Apex Predator,20039.0,Platinum 4,4960AP,Wraith
177,Boston2ndPath,316 views,1577.0,19458.0,Apex Predator,20033.0,Bronze 4,0AP,Wraith
178,TMS_OutLow,777 views,2781.0,63173.0,Apex Predator,20008.0,Bronze 4,0AP,Pathfinder
179,DiscoverReX,3194 views,3351.0,103104.0,Apex Predator,19964.0,Master,8669AP,Pathfinder
180,Keezes1,2592 views,809.0,7784.0,Apex Predator,20080.0,Bronze 4,0AP,Horizon
181,Itztyyy__,8458 views,2729.0,30358.0,Apex Predator,19912.0,Master,8045AP,Pathfinder
182,bluemonsterboy,2989 views,1829.0,31840.0,Apex Predator,19896.0,Master,8043AP,Wraith
183,S_-Clown,2524 views,2794.0,48620.0,Apex Predator,19878.0,Bronze 4,0AP,Wraith
184,FTX_ImperialHa1,41034 views,3596.0,97474.0,Apex Predator,19832.0,Bronze 4,0AP,Wraith
185,Silenthils,5020 views,2591.0,29902.0,Apex Predator,19797.0,Bronze 3,766AP,Wraith
186,xDeeCarr2,21681 views,1881.0,57357.0,Apex Predator,19797.0,Bronze 4,0AP,Ash
187,YWGrinding,346 views,386.0,1060.0,Apex Predator,19701.0,Platinum 4,4953AP,Bloodhound
188,StrafeMagic,1524 views,886.0,5655.0,Apex Predator,19671.0,Bronze 4,0AP,Octane
189,DubLyfe-FB,2165 views,3992.0,81826.0,Apex Predator,19664.0,Bronze 4,0AP,Pathfinder
190,YuTasQn_-,4288 views,3175.0,78346.0,Apex Predator,22590.0,Bronze 4,0AP,Wraith
191,xVeib_,221 views,375.0,3552.0,Apex Predator,19654.0,Bronze 4,0AP,Horizon
192,ttv_allukaFPS,1639 views,2341.0,34414.0,Apex Predator,20113.0,Platinum 2,5719AP,Wraith
193,xDeeCarr2,21685 views,1882.0,57357.0,Apex Predator,19870.0,Bronze 4,0AP,Ash
194,Hell1ngi,546 views,2034.0,12195.0,Apex Predator,19917.0,Bronze 4,0AP,Bloodhound
195,N1k_TTV,259 views,1825.0,10349.0,Apex Predator,19837.0,Bronze 4,0AP,Octane
196,FTX_ImperialHa1,41076 views,3596.0,97474.0,Apex Predator,19832.0,Bronze 4,0AP,Wraith
197,Tachu310_,1638 views,3430.0,297.0,Apex Predator,19816.0,Bronze 4,0AP,Pathfinder
198,Awope-,679 views,1014.0,7927.0,Apex Predator,20253.0,Bronze 4,217AP,Bloodhound
199,StrafeMagic,1533 views,888.0,5655.0,Apex Predator,20297.0,Bronze 4,0AP,Octane
200,YWGrinding,353 views,386.0,1060.0,Apex Predator,19701.0,Platinum 4,4953AP,Bloodhound
201,Blestakuma,554 views,771.0,8728.0,Apex Predator,19676.0,Bronze 4,1AP,Wraith
202,DubLyfe-FB,2168 views,3992.0,81826.0,Apex Predator,19664.0,Bronze 4,0AP,Pathfinder
203,Shiorl_,2530 views,2797.0,48651.0,Apex Predator,19664.0,Bronze 4,0AP,Wraith
204,Reasnow-S1-dayo,226 views,378.0,3570.0,Apex Predator,19895.0,Bronze 4,0AP,Horizon
205,Yoriichiiiiiiiii,1015 views,849.0,8.0,Apex Predator,19617.0,Bronze 4,0AP,Pathfinder
206,AGG_jaguares1,793 views,2076.0,24.0,Apex Predator,20305.0,Bronze 4,0AP,Mirage
207,100TAIMASSIST,14200 views,2904.0,60028.0,Apex Predator,19575.0,Bronze 4,0AP,Octane
208,xTatzumi,487 views,2416.0,33365.0,Apex Predator,20078.0,Bronze 4,0AP,Octane
209,giyutomioka04,201 views,1230.0,4704.0,Apex Predator,20123.0,Bronze 4,0AP,Bangalore
210,iClxppedYou-_-,3669 views,3193.0,43.0,Apex Predator,20029.0,Bronze 3,497AP,Octane
211,Laser cat sqaud,2262 views,2887.0,39084.0,Apex Predator,19559.0,Bronze 4,0AP,Pathfinder
212,JakcieChan,557 views,2459.0,47872.0,Apex Predator,20241.0,Bronze 4,0AP,Wraith
213,NRG_aceu,29479 views,1375.0,68340.0,Apex Predator,19533.0,Bronze 4,0AP,Wraith
214,s7stem_hack,3348 views,1947.0,11134.0,Apex Predator,19521.0,Bronze 4,0AP,Wraith
215,KNG_Jmw,750 views,1813.0,38025.0,Apex Predator,20754.0,Bronze 4,0AP,Pathfinder
216,Twitch_iLockss,458 views,1435.0,12168.0,Apex Predator,19495.0,Bronze 4,0AP,Wraith
217,OnlyMarreta,13 views,2570.0,25336.0,Apex Predator,19474.0,Bronze 4,0AP,Wraith
218,MelaMayupharia,2459 views,1969.0,44.0,Apex Predator,19474.0,Bronze 4,0AP,Wraith
219,APREDATORRRRRR,442 views,1497.0,20382.0,Apex Predator,20021.0,Bronze 4,0AP,Wraith
220,Buntx,437 views,2394.0,24804.0,Apex Predator,20197.0,Bronze 4,0AP,Wraith
221,ayasa1023,693 views,2581.0,20405.0,Apex Predator,19927.0,Bronze 4,0AP,Octane
222,RaygoooOooo,587 views,1273.0,11279.0,Apex Predator,19610.0,Bronze 4,0AP,Gibraltar
223,codeSTRISH,132 views,1443.0,19266.0,Apex Predator,19919.0,Bronze 4,0AP,Octane
224,SIurpeeG,1213 views,1851.0,29302.0,Apex Predator,19369.0,Bronze 4,0AP,Wraith
225,Sauce_Goten,1685 views,3784.0,72888.0,Apex Predator,19241.0,Bronze 4,110AP,Valkyrie
226,duck_090,252 views,1286.0,7208.0,Apex Predator,19731.0,Bronze 4,0AP,Gibraltar
227,koppe-eppok,890 views,3122.0,31236.0,Apex Predator,19222.0,Bronze 4,0AP,Gibraltar
228,NestiqueV,153 views,386.0,96.0,Apex Predator,19239.0,Bronze 4,0AP,Octane
229,Ientityy-_,631 views,778.0,3267.0,Apex Predator,19168.0,Bronze 4,331AP,Wraith
230,EhItsIcy,97 views,228.0,634.0,Apex Predator,19550.0,Bronze 4,0AP,Bangalore
231,yinJah,2111 views,3276.0,39404.0,Apex Predator,19604.0,Bronze 4,0AP,Bangalore
232,DylanDubsTv,951 views,1124.0,7244.0,Apex Predator,19168.0,Bronze 4,0AP,Octane
233,luke__2nd,389 views,1144.0,6460.0,Apex Predator,19366.0,Bronze 4,0AP,Octane
234,Lokoxbeastzz,750 views,1120.0,8304.0,Apex Predator,19153.0,Master,8253AP,Pathfinder
235,AimSleepRepeat,2208 views,1857.0,38820.0,Apex Predator,19144.0,Bronze 4,0AP,Wraith
236,owo_starlight,1270 views,495.0,2191.0,Apex Predator,19140.0,Bronze 4,0AP,Octane
237,AGOHIGE,113 views,128.0,1580.0,Apex Predator,19133.0,Bronze 4,0AP,Octane
238,Zfuzzi,5257 views,4399.0,75175.0,Apex Predator,19096.0,Apex Predator,8426AP,Bangalore
239,NaId0v0,843 views,2486.0,24812.0,Apex Predator,19076.0,Bronze 4,0AP,Wraith
240,GriminalOG,194 views,1014.0,7572.0,Apex Predator,22506.0,Bronze 4,0AP,Pathfinder
241,spadesttyt,995 views,2619.0,210.0,Apex Predator,19069.0,Bronze 4,0AP,Wraith
242,GoGo_sakurako,700 views,1567.0,26745.0,Apex Predator,19463.0,Bronze 4,0AP,Wraith
243,4SeTz,202 views,1184.0,17875.0,Apex Predator,19348.0,Bronze 4,0AP,Octane
244,Ianes,692 views,1579.0,20737.0,Apex Predator,19025.0,Bronze 4,0AP,Octane
245,___datelated,155 views,1176.0,12517.0,Apex Predator,19029.0,Silver 4,1605AP,Octane
246,TenseFoxX,366 views,1671.0,19029.0,Apex Predator,19011.0,Bronze 4,0AP,Wraith
247,SlimHaley,750 views,1131.0,14975.0,Apex Predator,19518.0,Bronze 4,0AP,Caustic
248,DooMR85,6395 views,3948.0,58303.0,Apex Predator,18981.0,Bronze 4,0AP,Wraith
249,TH0NNE,133 views,2354.0,32124.0,Apex Predator,18972.0,Bronze 4,0AP,Octane
250,Sovereigntyglass,919 views,3705.0,119.0,Apex Predator,18949.0,Diamond 3,6977AP,Valkyrie
251,Berryinyouheart,35 views,262.0,1136.0,Apex Predator,18949.0,Bronze 4,0AP,Wraith
252,Duhlusionz,2154 views,3235.0,60424.0,Apex Predator,18925.0,Master,8169AP,Pathfinder
253,Cuaty_INFJ,135 views,850.0,6467.0,Apex Predator,18916.0,Bronze 4,0AP,Wraith
254,Twitch_GouBiAFu,220 views,1063.0,9650.0,Apex Predator,19650.0,Bronze 4,0AP,Wraith
255,PENKUYRAIMUNG,552 views,785.0,3882.0,Apex Predator,18932.0,Bronze 4,0AP,Lifeline
256,nelson_poul,55 views,69.0,618.0,Apex Predator,18891.0,Gold 2,4331AP,Octane
257,KED1Nnn,1465 views,4158.0,637.0,Apex Predator,18887.0,Gold 2,4387AP,Pathfinder
258,TSM_Albralelie,25168 views,2222.0,84735.0,Apex Predator,18890.0,Bronze 4,0AP,Pathfinder
259,Supbrethren,119 views,273.0,3977.0,Apex Predator,18872.0,Master,8402AP,Bloodhound
260,Crown_poiison,627 views,1759.0,182.0,Apex Predator,18854.0,Bronze 3,503AP,Wraith
261,Aimbot6974,6034 views,3097.0,12.0,Apex Predator,18988.0,Bronze 4,0AP,Wraith
262,Sourlly,36 views,1022.0,9215.0,Apex Predator,19106.0,Bronze 4,0AP,Wraith
263,Jusna_FSV,252 views,1856.0,16891.0,Apex Predator,18810.0,Bronze 4,0AP,Wraith
264,SyNAPTYXboy_,12 views,93.0,0.0,Apex Predator,18809.0,Bronze 4,0AP,Lifeline
265,Brasidian,75 views,2751.0,28109.0,Apex Predator,18588.0,Bronze 4,0AP,Wraith
266,nahoow,4407 views,4025.0,84236.0,Apex Predator,18785.0,Bronze 4,0AP,Pathfinder
267,jayHANZ0,112 views,505.0,2958.0,Apex Predator,22011.0,Bronze 4,0AP,Bloodhound
268,vXanPlug,1357 views,2884.0,45944.0,Apex Predator,18744.0,Platinum 2,5818AP,Wraith
269,AM_dodo,1444 views,1440.0,10128.0,Apex Predator,18521.0,Bronze 4,0AP,Pathfinder
270,ArkSupremeTTV,1835 views,2390.0,727.0,Apex Predator,18715.0,Gold 4,3532AP,Ash
271,TTV_sen2thepai,863 views,3451.0,3622.0,Apex Predator,18704.0,Bronze 4,0AP,Mirage
272,Twitch_LaoXu,173 views,1379.0,15179.0,Apex Predator,19523.0,Bronze 4,0AP,Pathfinder
273,FendiMade,853 views,1310.0,992.0,Apex Predator,19015.0,Bronze 4,0AP,Octane
274,a_-anger0,35 views,1430.0,5527.0,Apex Predator,19336.0,Bronze 4,0AP,Wraith
275,Hey mirage,2369 views,2338.0,24802.0,Apex Predator,18713.0,Bronze 4,0AP,Mirage
276,NeIsinho7x,2392 views,4767.0,97216.0,Apex Predator,18629.0,Bronze 4,0AP,Bangalore
277,kanozyokawaiiBOT,694 views,760.0,1764.0,Apex Predator,20231.0,Master,8635AP,Ash
278,Moiszty,1656 views,1957.0,94.0,Apex Predator,18620.0,Platinum 2,5600AP,Horizon
279,SleeplexxNight,220 views,784.0,8145.0,Apex Predator,18645.0,Bronze 2,934AP,Wraith
280,Jyei_,908 views,2445.0,41840.0,Apex Predator,18578.0,Bronze 4,0AP,Caustic
281,KangMD,1193 views,736.0,3957.0,Apex Predator,18974.0,Bronze 4,0AP,Octane
282,r-e-wolf,1718 views,1547.0,15043.0,Apex Predator,18562.0,Bronze 4,0AP,Bloodhound
283,del-mix-lv,127 views,483.0,1707.0,Apex Predator,18465.0,Platinum 4,4800AP,Wraith
284,GoD-laoyinbi,35 views,125.0,35.0,Apex Predator,18557.0,Bronze 4,0AP,Lifeline
285,X10C_NutsuruSama,2210 views,1527.0,32078.0,Apex Predator,18586.0,Bronze 4,0AP,Caustic
286,TL_FunFPS,11188 views,3497.0,63578.0,Apex Predator,18544.0,Bronze 4,0AP,Pathfinder
287,Itsferenzic,1002 views,1542.0,18385.0,Apex Predator,18524.0,Bronze 4,0AP,Wraith
288,Exitreality2310,142 views,468.0,385.0,Apex Predator,18899.0,Bronze 4,0AP,Gibraltar
289,G1astrier,742 views,1841.0,164.0,Apex Predator,19272.0,Diamond 4,6716AP,Wraith
290,CNKF_Xzz,1224 views,2521.0,43173.0,Apex Predator,23131.0,Bronze 4,0AP,Wraith
291,Zeahry,634 views,2098.0,22566.0,Apex Predator,22590.0,Master,10417AP,Wraith
292,TheMatzies,1475 views,692.0,33.0,Apex Predator,22565.0,Bronze 4,0AP,Pathfinder
293,GriminalOG,194 views,1014.0,7572.0,Apex Predator,22506.0,Bronze 4,0AP,Pathfinder
294,ninjadevin07,5116 views,2870.0,33160.0,Apex Predator,22471.0,Platinum 2,5600AP,Wraith
295,Crxsadxr,366 views,1215.0,3353.0,Apex Predator,22399.0,Bronze 4,0AP,Loba
296,XKLL_Aniaaa,2839 views,4272.0,70406.0,Apex Predator,22314.0,Bronze 4,0AP,Pathfinder
297,Vexed_B4mbino,1184 views,1883.0,29478.0,Apex Predator,22253.0,Platinum 3,5588AP,Pathfinder
298,Arctohh,845 views,1361.0,12975.0,Apex Predator,22204.0,Bronze 4,0AP,Pathfinder
299,kiritosan4649x,604 views,1161.0,11685.0,Apex Predator,22080.0,Bronze 4,0AP,Wraith
300,xRay_Minkie,2182 views,1219.0,10100.0,Apex Predator,22125.0,Gold 4,3296AP,Revenant
301,Oakleighh,3122 views,2549.0,61.0,Apex Predator,22497.0,Bronze 4,0AP,Pathfinder
302,Kkhaleeesi,851 views,1939.0,8058.0,Apex Predator,22688.0,Bronze 4,0AP,Gibraltar
303,BlurrFlavorztv,1677 views,2470.0,34547.0,Apex Predator,21995.0,Bronze 4,0AP,Wraith
304,PaddyOhFurniture,166 views,698.0,10260.0,Apex Predator,21984.0,Bronze 4,0AP,Pathfinder
305,IKRVIII,1136 views,3662.0,51096.0,Apex Predator,22528.0,Platinum 1,6324AP,Pathfinder
306,secret_zero_agen,381 views,1892.0,31.0,Apex Predator,22144.0,Silver 3,2247AP,Wraith
307,UFO_Yamauchi,165 views,131.0,27.0,Apex Predator,22208.0,Bronze 4,0AP,Mad Maggie
308,GalaktionTTV,161 views,218.0,2123.0,Apex Predator,21875.0,Gold 2,4287AP,Horizon
309,aly_zxse,1076 views,2267.0,28299.0,Apex Predator,21959.0,Bronze 4,0AP,Bangalore
310,Zarky_Virus,33 views,154.0,62.0,Apex Predator,21835.0,Gold 1,4662AP,Bloodhound
311,0morgan,1178 views,1174.0,2276.0,Apex Predator,21826.0,Master,8301AP,Horizon
312,williqm_o,96 views,618.0,2055.0,Apex Predator,21714.0,Bronze 4,0AP,Pathfinder
313,foudingmegatitan,1231 views,2184.0,24389.0,Apex Predator,21699.0,Bronze 4,0AP,Horizon
314,Luxfordy,1355 views,1099.0,12585.0,Apex Predator,21726.0,Bronze 4,0AP,Pathfinder
315,RoadtoMaster_V2,166 views,229.0,1516.0,Apex Predator,22212.0,Bronze 4,0AP,Octane
316,xPonny,198 views,529.0,5517.0,Apex Predator,21671.0,Platinum 2,5924AP,Wraith
317,Ak47tsuki,3959 views,1806.0,347.0,Apex Predator,21636.0,Bronze 4,0AP,Bangalore
318,V3_1tappy,6501 views,3373.0,45258.0,Apex Predator,21604.0,Bronze 4,0AP,Wraith
319,iSangLion,744 views,2383.0,24935.0,Apex Predator,21926.0,Bronze 4,1AP,Wraith
320,lxght,157 views,1023.0,557.0,Apex Predator,21544.0,Bronze 4,0AP,Wraith
321,cgk0,2995 views,3808.0,405.0,Apex Predator,21522.0,Bronze 4,1AP,Bloodhound
322,brooksStyle,31322 views,4890.0,60434.0,Apex Predator,21517.0,Bronze 4,0AP,Wattson
323,Twitch_zachyy01,292 views,1543.0,12044.0,Apex Predator,21957.0,Bronze 4,0AP,Wraith
324,Awons,1057 views,1140.0,7949.0,Apex Predator,21426.0,Bronze 4,0AP,Wraith
325,kqmo0,1078 views,2481.0,33507.0,Apex Predator,21776.0,Diamond 3,7030AP,Horizon
326,DeathFormz,1936 views,871.0,4322.0,Apex Predator,21565.0,Bronze 4,0AP,Wraith
327,tdonFPS,1494 views,2188.0,28389.0,Apex Predator,21363.0,Platinum 2,5600AP,Octane
328,Bili_23446588LH,410 views,349.0,1305.0,Apex Predator,21304.0,Bronze 4,0AP,Bloodhound
329,KennyAced,492 views,1022.0,15869.0,Apex Predator,21206.0,Bronze 4,0AP,Wraith
330,Cloneeeeeeeeeee,2081 views,3105.0,36268.0,Apex Predator,21190.0,Bronze 4,0AP,Pathfinder
331,veqtol,994 views,2822.0,22481.0,Apex Predator,21159.0,Bronze 4,0AP,Wraith
332,FIFA_KENZ_8,956 views,2228.0,28333.0,Apex Predator,21145.0,Diamond 4,6486AP,Wraith
333,Twitch_Spongeetl,2065 views,2921.0,38276.0,Apex Predator,21130.0,Bronze 4,0AP,Octane
334,Douyu_DF_Roieee,3700 views,1443.0,25550.0,Apex Predator,21630.0,Bronze 4,0AP,Pathfinder
335,ni-muy,612 views,2128.0,320.0,Apex Predator,21356.0,Bronze 4,0AP,Horizon
336,uC_Jonathan18782,4029 views,3659.0,1287.0,Apex Predator,21056.0,Bronze 4,236AP,Mirage
337,BIILLFPS,214 views,435.0,3828.0,Apex Predator,21053.0,Bronze 4,0AP,Pathfinder
338,takeuchiharuka,587 views,2119.0,1117.0,Apex Predator,21029.0,Platinum 2,5600AP,Wraith
339,ipresssure,1837 views,2245.0,14272.0,Apex Predator,21468.0,Bronze 4,0AP,Gibraltar
340,cjracked,1292 views,1782.0,29771.0,Apex Predator,21015.0,Bronze 4,0AP,Horizon
341,ioJinx,971 views,1504.0,113.0,Apex Predator,20978.0,Bronze 4,0AP,Octane
342,Nan2tdcc,540 views,2618.0,1.0,Apex Predator,20965.0,Platinum 2,5796AP,Wraith
343,mastiffey,2420 views,3011.0,28267.0,Apex Predator,20951.0,Bronze 4,0AP,Wraith
344,sSikezz,2425 views,1764.0,27152.0,Apex Predator,20920.0,Bronze 4,0AP,Wraith
345,nV_TargetTTV,1282 views,3897.0,0.0,Apex Predator,20906.0,Bronze 4,0AP,Wraith
346,eCozyy,813 views,2428.0,41.0,Apex Predator,20872.0,Platinum 2,5600AP,Wraith
347,Barb3CueFPS,60 views,915.0,3789.0,Apex Predator,20810.0,Platinum 3,5200AP,Wraith
348,Yukiemkt,37 views,302.0,1822.0,Apex Predator,21953.0,Bronze 4,0AP,Wraith
349,Ken_LFT,548 views,1750.0,21782.0,Apex Predator,20790.0,Platinum 4,4885AP,Wraith
350,l1ttleSh33p,31 views,1236.0,14394.0,Apex Predator,20787.0,Gold 3,3696AP,Octane
351,ProbGarrett-FB,2987 views,3325.0,69052.0,Apex Predator,20675.0,Bronze 4,0AP,Wraith
352,TicketToLaLaLand,1105 views,1583.0,13603.0,Apex Predator,20729.0,Bronze 4,0AP,Pathfinder
353,NianBaiYa,564 views,688.0,5467.0,Apex Predator,20685.0,Bronze 4,0AP,Wraith
354,DiscoverReX,3203 views,3355.0,103104.0,Apex Predator,21512.0,Master,8669AP,Pathfinder
355,TheGlxryDays,1148 views,2526.0,29191.0,Apex Predator,20648.0,Bronze 4,0AP,Wraith
356,AirAmericaTV,10313 views,5612.0,137900.0,Apex Predator,20585.0,Bronze 4,0AP,Pathfinder
357,LNR_LqDuD,610 views,1231.0,20852.0,Apex Predator,20551.0,Diamond 2,7506AP,Wraith
358,SLY_misgu,1001 views,2644.0,52603.0,Apex Predator,20526.0,Bronze 4,0AP,Wraith
359,DYS-YuYuYBuJu,1350 views,456.0,130.0,Apex Predator,20516.0,Bronze 4,0AP,Horizon
360,shqozzle,3294 views,3258.0,57627.0,Apex Predator,20767.0,Bronze 4,0AP,Bangalore
361,Jack3y1ove0887,558 views,1930.0,22627.0,Apex Predator,20530.0,Master,9038AP,Wraith
362,3rjx,459 views,652.0,111.0,Apex Predator,20762.0,Bronze 4,0AP,Wraith
363,bili_xiomo,173 views,570.0,480231.0,Apex Predator,20759.0,Bronze 4,0AP,Octane
364,NeedHair,703 views,1735.0,216.0,Apex Predator,20420.0,Master,8605AP,Wraith
365,SYN-xBlunt,1730 views,2476.0,5.0,Apex Predator,20416.0,Bronze 4,0AP,Horizon
366,J5671,1164 views,3547.0,33129.0,Apex Predator,20386.0,Bronze 4,0AP,Pathfinder
367,imposible999,138 views,576.0,6341.0,Apex Predator,20359.0,Bronze 4,0AP,Bangalore
368,buliio_,700 views,924.0,139.0,Apex Predator,20403.0,Bronze 3,745AP,Bloodhound
369,ninsey,4735 views,3475.0,105.0,Apex Predator,20351.0,Bronze 4,1AP,Wraith
370,AmishGob,262 views,1534.0,12083.0,Apex Predator,21209.0,Platinum 2,5678AP,Octane
371,AGG_jaguares1,794 views,2076.0,24.0,Apex Predator,20305.0,Bronze 4,0AP,Mirage
372,StrafeMagic,1534 views,889.0,5655.0,Apex Predator,20267.0,Bronze 4,0AP,Octane
373,Moamg,77 views,226.0,33.0,Apex Predator,20253.0,Bronze 3,746AP,Caustic
374,Awope-,681 views,1014.0,7927.0,Apex Predator,20253.0,Bronze 4,217AP,Bloodhound
375,JakcieChan,559 views,2459.0,47872.0,Apex Predator,20241.0,Bronze 4,0AP,Wraith
376,Buntx,440 views,2394.0,24804.0,Apex Predator,20197.0,Bronze 4,0AP,Wraith
377,X10C_mosu,1409 views,1797.0,33588.0,Apex Predator,20129.0,Bronze 4,0AP,Wraith
378,WraithNooby,1089 views,2463.0,38690.0,Apex Predator,20166.0,Platinum 3,5426AP,Wraith
379,xles_paul,709 views,2516.0,19801.0,Apex Predator,20713.0,Bronze 4,0AP,Horizon
380,TNM_7Nery_H,949 views,2209.0,15252.0,Apex Predator,20129.0,Bronze 4,0AP,Wraith
381,giyutomioka04,204 views,1230.0,4704.0,Apex Predator,20123.0,Bronze 4,0AP,Bangalore
382,ttv_allukaFPS,1648 views,2341.0,34414.0,Apex Predator,20113.0,Platinum 2,5719AP,Wraith
383,myr9slaps,1425 views,1297.0,122.0,Apex Predator,20179.0,Bronze 4,0AP,Octane
384,Keezes1,2620 views,809.0,7784.0,Apex Predator,20080.0,Bronze 4,0AP,Horizon
385,Kkhaleeesi,851 views,1940.0,8058.0,Apex Predator,22878.0,Bronze 4,0AP,Gibraltar
386,iWeakQ,2606 views,1288.0,11013.0,Apex Predator,23223.0,Bronze 4,0AP,Wraith
387,Zeahry,635 views,2098.0,22566.0,Apex Predator,22590.0,Master,10429AP,Wraith
388,TheMatzies,1476 views,692.0,33.0,Apex Predator,22565.0,Bronze 4,0AP,Pathfinder
389,IKRVIII,1136 views,3662.0,51096.0,Apex Predator,22528.0,Platinum 1,6324AP,Pathfinder
390,GriminalOG,196 views,1015.0,7574.0,Apex Predator,22536.0,Bronze 4,0AP,Pathfinder
391,Oakleighh,3122 views,2550.0,61.0,Apex Predator,22531.0,Bronze 4,0AP,Pathfinder
392,ninjadevin07,5117 views,2870.0,33160.0,Apex Predator,22471.0,Platinum 2,5600AP,Wraith
393,Crxsadxr,367 views,1215.0,3353.0,Apex Predator,22399.0,Bronze 4,0AP,Loba
394,Vexed_B4mbino,1185 views,1883.0,29539.0,Apex Predator,22253.0,Platinum 3,5588AP,Pathfinder
395,RoadtoMaster_V2,166 views,229.0,1516.0,Apex Predator,22212.0,Bronze 4,0AP,Octane
396,UFO_Yamauchi,165 views,131.0,27.0,Apex Predator,22208.0,Bronze 4,0AP,Mad Maggie
397,Arctohh,846 views,1361.0,12975.0,Apex Predator,22204.0,Bronze 4,0AP,Pathfinder
398,secret_zero_agen,381 views,1892.0,31.0,Apex Predator,22144.0,Silver 3,2247AP,Wraith
399,kiritosan4649x,604 views,1161.0,11685.0,Apex Predator,22080.0,Bronze 4,0AP,Wraith
400,jayHANZ0,114 views,505.0,2958.0,Apex Predator,21992.0,Bronze 4,0AP,Bloodhound
401,BlurrFlavorztv,1677 views,2470.0,34547.0,Apex Predator,21995.0,Bronze 4,0AP,Wraith
402,PaddyOhFurniture,166 views,698.0,10260.0,Apex Predator,21984.0,Bronze 4,0AP,Pathfinder
403,aly_zxse,1076 views,2267.0,28299.0,Apex Predator,21959.0,Bronze 4,0AP,Bangalore
404,Twitch_zachyy01,292 views,1544.0,12059.0,Apex Predator,22055.0,Bronze 4,0AP,Wraith
405,Yukiemkt,37 views,302.0,1822.0,Apex Predator,21953.0,Bronze 4,0AP,Wraith
406,iSangLion,744 views,2383.0,24935.0,Apex Predator,21926.0,Bronze 4,1AP,Wraith
407,GalaktionTTV,161 views,218.0,2123.0,Apex Predator,21875.0,Gold 2,4287AP,Horizon
408,Zarky_Virus,33 views,154.0,62.0,Apex Predator,21835.0,Gold 1,4662AP,Bloodhound
409,0morgan,1178 views,1174.0,2276.0,Apex Predator,21826.0,Master,8301AP,Horizon
410,kqmo0,1078 views,2482.0,33509.0,Apex Predator,21856.0,Diamond 3,7030AP,Horizon
411,Luxfordy,1355 views,1099.0,12585.0,Apex Predator,21726.0,Bronze 4,0AP,Pathfinder
412,williqm_o,96 views,618.0,2055.0,Apex Predator,21714.0,Bronze 4,0AP,Pathfinder
413,foudingmegatitan,1231 views,2184.0,24389.0,Apex Predator,21699.0,Bronze 4,0AP,Horizon
414,xPonny,198 views,529.0,5517.0,Apex Predator,21671.0,Platinum 2,5924AP,Wraith
415,Ak47tsuki,3959 views,1806.0,347.0,Apex Predator,21636.0,Bronze 4,0AP,Bangalore
416,Douyu_DF_Roieee,3700 views,1443.0,25550.0,Apex Predator,21630.0,Bronze 4,0AP,Pathfinder
417,V3_1tappy,6501 views,3373.0,45258.0,Apex Predator,21604.0,Bronze 4,0AP,Wraith
418,DeathFormz,1936 views,871.0,4322.0,Apex Predator,21565.0,Bronze 4,0AP,Wraith
419,lxght,157 views,1023.0,557.0,Apex Predator,21544.0,Bronze 4,0AP,Wraith
420,cgk0,2995 views,3808.0,405.0,Apex Predator,21522.0,Bronze 4,1AP,Bloodhound
421,brooksStyle,31322 views,4890.0,60434.0,Apex Predator,21527.0,Bronze 4,0AP,Wattson
422,DiscoverReX,3203 views,3355.0,103104.0,Apex Predator,21512.0,Master,8669AP,Pathfinder
423,ipresssure,1837 views,2245.0,14272.0,Apex Predator,21468.0,Bronze 4,0AP,Gibraltar
424,Awons,1057 views,1140.0,7949.0,Apex Predator,21426.0,Bronze 4,0AP,Wraith
425,tdonFPS,1494 views,2188.0,28389.0,Apex Predator,21363.0,Platinum 2,5600AP,Octane
426,ni-muy,612 views,2128.0,320.0,Apex Predator,21356.0,Bronze 4,0AP,Horizon
427,Bili_23446588LH,410 views,349.0,1305.0,Apex Predator,21304.0,Bronze 4,0AP,Bloodhound
428,AmishGob,262 views,1534.0,12083.0,Apex Predator,21209.0,Platinum 2,5678AP,Octane
429,KennyAced,492 views,1022.0,15869.0,Apex Predator,21206.0,Bronze 4,0AP,Wraith
430,Cloneeeeeeeeeee,2081 views,3105.0,36268.0,Apex Predator,21190.0,Bronze 4,0AP,Pathfinder
431,veqtol,994 views,2822.0,22481.0,Apex Predator,21159.0,Bronze 4,0AP,Wraith
432,FIFA_KENZ_8,956 views,2228.0,28333.0,Apex Predator,21145.0,Diamond 4,6486AP,Wraith
433,Twitch_Spongeetl,2065 views,2921.0,38276.0,Apex Predator,21130.0,Bronze 4,0AP,Octane
434,uC_Jonathan18782,4029 views,3659.0,1287.0,Apex Predator,21056.0,Bronze 4,236AP,Mirage
435,BIILLFPS,214 views,435.0,3828.0,Apex Predator,21053.0,Bronze 4,0AP,Pathfinder
436,takeuchiharuka,587 views,2119.0,1117.0,Apex Predator,21029.0,Platinum 2,5600AP,Wraith
437,cjracked,1292 views,1782.0,29771.0,Apex Predator,21040.0,Bronze 4,0AP,Horizon
438,ioJinx,971 views,1504.0,113.0,Apex Predator,20978.0,Bronze 4,0AP,Octane
439,Nan2tdcc,540 views,2618.0,1.0,Apex Predator,20965.0,Platinum 2,5796AP,Wraith
440,mastiffey,2420 views,3011.0,28267.0,Apex Predator,20951.0,Bronze 4,0AP,Wraith
441,sSikezz,2425 views,1764.0,27152.0,Apex Predator,20920.0,Bronze 4,0AP,Wraith
442,nV_TargetTTV,1282 views,3897.0,0.0,Apex Predator,20906.0,Bronze 4,0AP,Wraith
443,eCozyy,813 views,2428.0,41.0,Apex Predator,20872.0,Platinum 2,5600AP,Wraith
444,Barb3CueFPS,60 views,915.0,3789.0,Apex Predator,20810.0,Platinum 3,5200AP,Wraith
445,Ken_LFT,548 views,1750.0,21782.0,Apex Predator,20790.0,Platinum 4,4885AP,Wraith
446,l1ttleSh33p,31 views,1236.0,14394.0,Apex Predator,20787.0,Gold 3,3696AP,Octane
447,shqozzle,3294 views,3258.0,57627.0,Apex Predator,20767.0,Bronze 4,0AP,Bangalore
448,3rjx,459 views,652.0,111.0,Apex Predator,20762.0,Bronze 4,0AP,Wraith
449,bili_xiomo,173 views,570.0,480231.0,Apex Predator,20759.0,Bronze 4,0AP,Octane
450,KNG_Jmw,753 views,1813.0,38025.0,Apex Predator,20754.0,Bronze 4,0AP,Pathfinder
451,TicketToLaLaLand,1105 views,1583.0,13603.0,Apex Predator,20729.0,Bronze 4,0AP,Pathfinder
452,NianBaiYa,564 views,688.0,5467.0,Apex Predator,20685.0,Bronze 4,0AP,Wraith
453,ProbGarrett-FB,2987 views,3325.0,69052.0,Apex Predator,20675.0,Bronze 4,0AP,Wraith
454,TheGlxryDays,1148 views,2526.0,29191.0,Apex Predator,20648.0,Bronze 4,0AP,Wraith
455,AirAmericaTV,10313 views,5612.0,137900.0,Apex Predator,20585.0,Bronze 4,0AP,Pathfinder
456,LNR_LqDuD,610 views,1231.0,20852.0,Apex Predator,20551.0,Diamond 2,7506AP,Wraith
457,Jack3y1ove0887,558 views,1930.0,22627.0,Apex Predator,20530.0,Master,9038AP,Wraith
458,SLY_misgu,1001 views,2644.0,52603.0,Apex Predator,20526.0,Bronze 4,0AP,Wraith
459,DYS-YuYuYBuJu,1350 views,456.0,130.0,Apex Predator,20516.0,Bronze 4,0AP,Horizon
460,NeedHair,703 views,1735.0,216.0,Apex Predator,20420.0,Master,8605AP,Wraith
461,SYN-xBlunt,1730 views,2476.0,5.0,Apex Predator,20416.0,Bronze 4,0AP,Horizon
462,buliio_,700 views,924.0,139.0,Apex Predator,20403.0,Bronze 3,745AP,Bloodhound
463,J5671,1164 views,3547.0,33129.0,Apex Predator,20386.0,Bronze 4,0AP,Pathfinder
464,imposible999,138 views,576.0,6341.0,Apex Predator,20359.0,Bronze 4,0AP,Bangalore
465,ninsey,4735 views,3475.0,105.0,Apex Predator,20351.0,Bronze 4,1AP,Wraith
466,AGG_jaguares1,794 views,2076.0,24.0,Apex Predator,20305.0,Bronze 4,0AP,Mirage
467,StrafeMagic,1534 views,889.0,5655.0,Apex Predator,20252.0,Bronze 4,0AP,Octane
468,Moamg,77 views,226.0,33.0,Apex Predator,20253.0,Bronze 3,746AP,Caustic
469,Awope-,681 views,1014.0,7927.0,Apex Predator,20253.0,Bronze 4,217AP,Bloodhound
470,JakcieChan,559 views,2460.0,47872.0,Apex Predator,20241.0,Bronze 4,0AP,Wraith
471,kanozyokawaiiBOT,695 views,760.0,1764.0,Apex Predator,20231.0,Master,8635AP,Ash
472,Buntx,440 views,2394.0,24804.0,Apex Predator,20197.0,Bronze 4,0AP,Wraith
473,WraithNooby,1089 views,2463.0,38690.0,Apex Predator,20166.0,Platinum 3,5426AP,Wraith
474,xles_paul,709 views,2516.0,19801.0,Apex Predator,20713.0,Bronze 4,0AP,Horizon
475,TNM_7Nery_H,949 views,2209.0,15252.0,Apex Predator,20129.0,Bronze 4,0AP,Wraith
476,X10C_mosu,1409 views,1797.0,33588.0,Apex Predator,20129.0,Bronze 4,0AP,Wraith
477,giyutomioka04,204 views,1230.0,4704.0,Apex Predator,20123.0,Bronze 4,0AP,Bangalore
478,ttv_allukaFPS,1648 views,2341.0,34414.0,Apex Predator,20113.0,Platinum 2,5719AP,Wraith
479,mikigalic,1357 views,3930.0,72410.0,Apex Predator,23078.0,Silver 2,2470AP,Wraith
480,therealsmilie,71 views,214.0,116.0,Apex Predator,22815.0,Master,8706AP,Wraith
481,IKRVIII,1136 views,3663.0,51096.0,Apex Predator,22624.0,Platinum 1,6324AP,Pathfinder
482,Zeahry,635 views,2099.0,22566.0,Apex Predator,22590.0,Master,10453AP,Wraith
483,TheMatzies,1476 views,692.0,33.0,Apex Predator,22565.0,Bronze 4,0AP,Pathfinder
484,GriminalOG,196 views,1015.0,7574.0,Apex Predator,22536.0,Bronze 4,0AP,Pathfinder
485,Oakleighh,3122 views,2550.0,61.0,Apex Predator,22531.0,Bronze 4,0AP,Pathfinder
486,ninjadevin07,5117 views,2870.0,33160.0,Apex Predator,22471.0,Platinum 2,5600AP,Wraith
487,Crxsadxr,367 views,1215.0,3353.0,Apex Predator,22399.0,Bronze 4,0AP,Loba
488,XKLL_Aniaaa,2840 views,4272.0,70406.0,Apex Predator,22314.0,Bronze 4,0AP,Pathfinder
489,xRay_Minkie,2183 views,1220.0,10100.0,Apex Predator,22255.0,Gold 4,3296AP,Revenant
490,Vexed_B4mbino,1185 views,1883.0,29539.0,Apex Predator,22253.0,Platinum 3,5588AP,Pathfinder
491,RoadtoMaster_V2,166 views,229.0,1516.0,Apex Predator,22212.0,Bronze 4,0AP,Octane
492,Arctohh,846 views,1361.0,12975.0,Apex Predator,22204.0,Bronze 4,0AP,Pathfinder
493,UFO_Yamauchi,165 views,131.0,27.0,Apex Predator,22150.0,Bronze 4,0AP,Mad Maggie
494,secret_zero_agen,381 views,1892.0,31.0,Apex Predator,22144.0,Silver 3,2247AP,Wraith
495,kiritosan4649x,604 views,1161.0,11685.0,Apex Predator,22080.0,Bronze 4,0AP,Wraith
496,Twitch_zachyy01,292 views,1544.0,12059.0,Apex Predator,22055.0,Bronze 4,0AP,Wraith
497,BlurrFlavorztv,1677 views,2470.0,34547.0,Apex Predator,21995.0,Bronze 4,0AP,Wraith
498,PaddyOhFurniture,166 views,698.0,10260.0,Apex Predator,21984.0,Bronze 4,0AP,Pathfinder
499,aly_zxse,1076 views,2267.0,28299.0,Apex Predator,21959.0,Bronze 4,0AP,Bangalore
500,Yukiemkt,37 views,302.0,1822.0,Apex Predator,21953.0,Bronze 4,0AP,Wraith
501,jayHANZ0,114 views,505.0,2958.0,Apex Predator,21992.0,Bronze 4,0AP,Bloodhound
502,iSangLion,744 views,2383.0,24935.0,Apex Predator,21926.0,Bronze 4,1AP,Wraith
503,GalaktionTTV,161 views,218.0,2123.0,Apex Predator,21875.0,Gold 2,4287AP,Horizon
504,kqmo0,1078 views,2482.0,33509.0,Apex Predator,21856.0,Diamond 3,7030AP,Horizon
505,Zarky_Virus,33 views,154.0,62.0,Apex Predator,21835.0,Gold 1,4662AP,Bloodhound
506,0morgan,1178 views,1174.0,2276.0,Apex Predator,21826.0,Master,8301AP,Horizon
507,Luxfordy,1355 views,1099.0,12585.0,Apex Predator,21726.0,Bronze 4,0AP,Pathfinder
508,williqm_o,96 views,618.0,2055.0,Apex Predator,21714.0,Bronze 4,0AP,Pathfinder
509,foudingmegatitan,1231 views,2184.0,24397.0,Apex Predator,21889.0,Bronze 4,0AP,Horizon
510,xPonny,198 views,529.0,5517.0,Apex Predator,21671.0,Platinum 2,5924AP,Wraith
511,Ak47tsuki,3959 views,1806.0,347.0,Apex Predator,21636.0,Bronze 4,0AP,Bangalore
512,Douyu_DF_Roieee,3700 views,1443.0,25550.0,Apex Predator,21630.0,Bronze 4,0AP,Pathfinder
513,V3_1tappy,6501 views,3373.0,45258.0,Apex Predator,21604.0,Bronze 4,0AP,Wraith
514,DeathFormz,1936 views,871.0,4322.0,Apex Predator,21579.0,Bronze 4,0AP,Wraith
515,lxght,157 views,1023.0,557.0,Apex Predator,21544.0,Bronze 4,0AP,Wraith
516,brooksStyle,31322 views,4890.0,60434.0,Apex Predator,21472.0,Bronze 4,0AP,Wattson
517,cgk0,2995 views,3808.0,405.0,Apex Predator,21522.0,Bronze 4,1AP,Bloodhound
518,DiscoverReX,3203 views,3355.0,103104.0,Apex Predator,21512.0,Master,8669AP,Pathfinder
519,ipresssure,1837 views,2246.0,14272.0,Apex Predator,21568.0,Bronze 4,0AP,Gibraltar
520,Awons,1057 views,1140.0,7949.0,Apex Predator,21426.0,Bronze 4,0AP,Wraith
521,tdonFPS,1496 views,2188.0,28389.0,Apex Predator,21363.0,Platinum 2,5600AP,Octane
522,ni-muy,614 views,2128.0,320.0,Apex Predator,21356.0,Bronze 4,0AP,Horizon
523,Bili_23446588LH,412 views,349.0,1305.0,Apex Predator,21304.0,Bronze 4,0AP,Bloodhound
524,AmishGob,264 views,1534.0,12083.0,Apex Predator,21149.0,Platinum 2,5678AP,Octane
525,KennyAced,494 views,1022.0,15869.0,Apex Predator,21206.0,Bronze 4,0AP,Wraith
526,Cloneeeeeeeeeee,2083 views,3105.0,36268.0,Apex Predator,21190.0,Bronze 4,0AP,Pathfinder
527,veqtol,996 views,2822.0,22481.0,Apex Predator,21159.0,Bronze 4,0AP,Wraith
528,FIFA_KENZ_8,956 views,2228.0,28333.0,Apex Predator,21145.0,Diamond 4,6486AP,Wraith
529,Twitch_Spongeetl,2065 views,2921.0,38276.0,Apex Predator,21130.0,Bronze 4,0AP,Octane
530,uC_Jonathan18782,4031 views,3659.0,1287.0,Apex Predator,21056.0,Bronze 4,236AP,Mirage
531,BIILLFPS,216 views,435.0,3828.0,Apex Predator,21053.0,Bronze 4,0AP,Pathfinder
532,cjracked,1293 views,1782.0,29771.0,Apex Predator,21022.0,Bronze 4,0AP,Horizon
533,takeuchiharuka,590 views,2119.0,1117.0,Apex Predator,21029.0,Platinum 2,5600AP,Wraith
534,ioJinx,971 views,1504.0,113.0,Apex Predator,20978.0,Bronze 4,0AP,Octane
535,Nan2tdcc,540 views,2618.0,1.0,Apex Predator,20965.0,Platinum 2,5796AP,Wraith
536,mastiffey,2422 views,3011.0,28267.0,Apex Predator,20951.0,Bronze 4,0AP,Wraith
537,sSikezz,2425 views,1764.0,27152.0,Apex Predator,20920.0,Bronze 4,0AP,Wraith
538,nV_TargetTTV,1284 views,3897.0,0.0,Apex Predator,20906.0,Bronze 4,0AP,Wraith
539,eCozyy,818 views,2428.0,41.0,Apex Predator,20872.0,Platinum 2,5600AP,Wraith
540,Barb3CueFPS,63 views,915.0,3789.0,Apex Predator,20810.0,Platinum 3,5200AP,Wraith
541,Ken_LFT,550 views,1750.0,21782.0,Apex Predator,20790.0,Platinum 4,4885AP,Wraith
542,l1ttleSh33p,34 views,1236.0,14394.0,Apex Predator,20787.0,Gold 3,3696AP,Octane
543,shqozzle,3296 views,3258.0,57627.0,Apex Predator,20804.0,Bronze 4,0AP,Bangalore
544,3rjx,461 views,653.0,111.0,Apex Predator,20922.0,Bronze 4,0AP,Wraith
545,bili_xiomo,174 views,570.0,480231.0,Apex Predator,20759.0,Bronze 4,0AP,Octane
546,KNG_Jmw,758 views,1813.0,38025.0,Apex Predator,20754.0,Bronze 4,0AP,Pathfinder
547,TicketToLaLaLand,1107 views,1583.0,13603.0,Apex Predator,20729.0,Bronze 4,0AP,Pathfinder
548,xles_paul,711 views,2516.0,19801.0,Apex Predator,20713.0,Bronze 4,0AP,Horizon
549,NianBaiYa,566 views,688.0,5467.0,Apex Predator,20685.0,Bronze 4,0AP,Wraith
550,ProbGarrett-FB,2989 views,3326.0,69052.0,Apex Predator,20813.0,Bronze 4,0AP,Wraith
551,TheGlxryDays,1150 views,2526.0,29191.0,Apex Predator,20648.0,Bronze 4,0AP,Wraith
552,AirAmericaTV,10313 views,5612.0,137900.0,Apex Predator,20585.0,Bronze 4,0AP,Pathfinder
553,LNR_LqDuD,611 views,1231.0,20852.0,Apex Predator,20551.0,Diamond 2,7545AP,Wraith
554,Jack3y1ove0887,560 views,1930.0,22627.0,Apex Predator,20530.0,Master,9038AP,Wraith
555,SLY_misgu,1004 views,2644.0,52603.0,Apex Predator,20526.0,Bronze 4,0AP,Wraith
556,DYS-YuYuYBuJu,1353 views,456.0,130.0,Apex Predator,20516.0,Bronze 4,0AP,Horizon
557,NeedHair,703 views,1735.0,216.0,Apex Predator,20420.0,Master,8605AP,Wraith
558,SYN-xBlunt,1733 views,2476.0,5.0,Apex Predator,20416.0,Bronze 4,0AP,Horizon
559,buliio_,700 views,924.0,139.0,Apex Predator,20403.0,Bronze 3,745AP,Bloodhound
560,J5671,1166 views,3547.0,33129.0,Apex Predator,20386.0,Bronze 4,0AP,Pathfinder
561,imposible999,141 views,576.0,6341.0,Apex Predator,20359.0,Bronze 4,0AP,Bangalore
562,ninsey,4737 views,3475.0,105.0,Apex Predator,20351.0,Bronze 4,1AP,Wraith
563,AGG_jaguares1,797 views,2076.0,24.0,Apex Predator,20305.0,Bronze 4,0AP,Mirage
564,StrafeMagic,1536 views,889.0,5655.0,Apex Predator,20298.0,Bronze 4,0AP,Octane
565,Moamg,79 views,226.0,33.0,Apex Predator,20253.0,Bronze 3,746AP,Caustic
566,Awope-,681 views,1014.0,7927.0,Apex Predator,20253.0,Bronze 4,217AP,Bloodhound
567,JakcieChan,562 views,2460.0,47872.0,Apex Predator,20241.0,Bronze 4,0AP,Wraith
568,kanozyokawaiiBOT,695 views,760.0,1764.0,Apex Predator,20231.0,Master,8635AP,Ash
569,Buntx,442 views,2394.0,24804.0,Apex Predator,20197.0,Bronze 4,0AP,Wraith
570,myr9slaps,1425 views,1297.0,122.0,Apex Predator,20179.0,Bronze 4,0AP,Octane
571,WraithNooby,1091 views,2463.0,38690.0,Apex Predator,20166.0,Platinum 3,5426AP,Wraith
572,X10C_mosu,1411 views,1797.0,33588.0,Apex Predator,20129.0,Bronze 4,0AP,Wraith
573,TNM_7Nery_H,949 views,2209.0,15252.0,Apex Predator,20129.0,Bronze 4,0AP,Wraith
574,giyutomioka04,204 views,1230.0,4704.0,Apex Predator,20123.0,Bronze 4,0AP,Bangalore
575,RNGxiaoye,811 views,1171.0,7984.0,Apex Predator,18410.0,Platinum 3,5254AP,Octane
576,Itsveezah,735 views,1565.0,26571.0,Apex Predator,18118.0,Bronze 4,0AP,Bangalore
577,Raysuski1,2686 views,2100.0,624.0,Apex Predator,18116.0,Bronze 4,0AP,Wraith
578,PUBG_GIOGIOOG,2244 views,2945.0,180.0,Apex Predator,18338.0,Platinum 4,5176AP,Mirage
579,manperron123,1138 views,2574.0,23633.0,Apex Predator,18113.0,Diamond 3,7103AP,Octane
580,Aimas_unko,84 views,1246.0,9207.0,Apex Predator,18173.0,Bronze 4,0AP,Wraith
581,CooperateJokerX,770 views,1664.0,6206.0,Apex Predator,18140.0,Bronze 4,0AP,Octane
582,zlchisakii,797 views,3165.0,285.0,Apex Predator,18071.0,Bronze 4,0AP,Wraith
583,E6_Naghz,6668 views,2066.0,38.0,Apex Predator,18062.0,Bronze 4,0AP,Wraith
584,WeeedController,264 views,1621.0,6864.0,Apex Predator,18246.0,Silver 1,2804AP,Octane
585,x__Yoshiii_,1498 views,2376.0,13352.0,Apex Predator,18012.0,Platinum 1,6036AP,Lifeline
586,aisiteru-oremo,451 views,1361.0,16842.0,Apex Predator,18046.0,Bronze 4,145AP,Bloodhound
587,Hinqly,3157 views,2359.0,3.0,Apex Predator,18041.0,Master,8483AP,Wraith
588,M1ko_d4yo,4181 views,1540.0,6839.0,Apex Predator,18364.0,Bronze 4,0AP,Wraith
589,Montygosu,5713 views,3644.0,0.0,Apex Predator,18719.0,Bronze 4,0AP,Wraith
590,Mxqir,688 views,2255.0,25484.0,Apex Predator,18031.0,Silver 4,1841AP,Wraith
591,sou-_men,1690 views,1889.0,12269.0,Apex Predator,18031.0,Bronze 4,0AP,Octane
592,taxi--55--,243 views,1407.0,7196.0,Apex Predator,18028.0,Bronze 4,0AP,Bangalore
593,owo77owo,59 views,490.0,2615.0,Apex Predator,18601.0,Bronze 4,0AP,Octane
594,-_xYesCo1aXxx,536 views,1042.0,3907.0,Apex Predator,18019.0,Master,9013AP,Wraith
595,himasawayu1-_-,1684 views,3599.0,46349.0,Apex Predator,17996.0,Bronze 4,0AP,Bangalore
596,flizoneu-yt,484 views,1801.0,4044.0,Apex Predator,18522.0,Bronze 4,0AP,Octane
597,mys1tx,2094 views,2236.0,188.0,Apex Predator,17993.0,Bronze 4,135AP,Wraith
598,FiveStars21,177 views,514.0,236.0,Apex Predator,17992.0,Bronze 4,0AP,Horizon
599,Justalilsumtin,1471 views,4254.0,0.0,Apex Predator,19551.0,Diamond 4,6572AP,Pathfinder
600,TSM_imporeaIham,505 views,2225.0,24770.0,Apex Predator,17956.0,Bronze 4,0AP,Horizon
601,Eizzler,656 views,2603.0,40818.0,Apex Predator,17821.0,Bronze 4,217AP,Bangalore
602,V55X,3621 views,2077.0,27666.0,Apex Predator,19309.0,Bronze 2,1080AP,Wraith
603,SaintVickk_TV,1738 views,2012.0,41772.0,Apex Predator,18982.0,Bronze 4,0AP,Pathfinder
604,Vruft,3020 views,3040.0,6.0,Apex Predator,18092.0,Bronze 4,17AP,Wraith
605,vF_insanity,2703 views,2947.0,124.0,Apex Predator,17944.0,Master,8092AP,Lifeline
606,Jaqzie,123 views,669.0,4679.0,Apex Predator,17939.0,Bronze 4,0AP,Wraith
607,Qi7-Kiki,380 views,1921.0,64358.0,Apex Predator,18957.0,Bronze 4,0AP,Pathfinder
608,atinum,897 views,1054.0,6791.0,Apex Predator,17932.0,Bronze 4,0AP,Wraith
609,cinicoo,1367 views,2396.0,33685.0,Apex Predator,17937.0,Bronze 4,0AP,Octane
610,DODOS4MA,79 views,693.0,1263.0,Apex Predator,17911.0,Bronze 4,0AP,Octane
611,PedrinKINGdelas,613 views,1285.0,12665.0,Apex Predator,18064.0,Bronze 2,894AP,Pathfinder
612,xPipman,3066 views,2869.0,40358.0,Apex Predator,17992.0,Bronze 4,0AP,Wraith
613,indexfund4,231 views,373.0,2353.0,Apex Predator,18367.0,Bronze 4,0AP,Wraith
614,XcVk-Nb2,638 views,842.0,125.0,Apex Predator,17880.0,Bronze 3,433AP,Wraith
615,XT_Dazer2,537 views,2270.0,38412.0,Apex Predator,18069.0,Bronze 4,0AP,Wraith
616,osipex,1109 views,2270.0,19161.0,Apex Predator,17832.0,Silver 3,2075AP,Wraith
617,594Blamebai,297 views,1279.0,118.0,Apex Predator,20418.0,Bronze 4,0AP,Pathfinder
618,leXel0002,3 views,529.0,3928.0,Apex Predator,18187.0,Bronze 4,0AP,Pathfinder
619,H1kisz,559 views,1325.0,10944.0,Apex Predator,17865.0,Bronze 4,0AP,Wraith
620,yuukun33,654 views,2330.0,2687.0,Apex Predator,18257.0,Bronze 4,0AP,Wraith
621,neo_zaurusu,1265 views,3244.0,4321.0,Apex Predator,17861.0,Master,9288AP,Pathfinder
622,nZulaa,597 views,1243.0,22426.0,Apex Predator,17859.0,Bronze 4,0AP,Wraith
623,YT_shunshunGames,800 views,2040.0,22363.0,Apex Predator,19594.0,Bronze 4,0AP,Horizon
624,Souidier,1317 views,2251.0,27084.0,Apex Predator,17833.0,Diamond 4,6466AP,Bangalore
625,monakaisgod,2431 views,1370.0,7.0,Apex Predator,17824.0,Bronze 4,0AP,Wraith
626,Rbaascfc,1922 views,2061.0,28980.0,Apex Predator,17821.0,Bronze 4,0AP,Pathfinder
627,KlMCHILEE,1187 views,2662.0,53173.0,Apex Predator,18645.0,Bronze 4,0AP,Pathfinder
628,killerlady-z58,1584 views,1596.0,52.0,Apex Predator,17818.0,Bronze 4,0AP,Pathfinder
629,bigcanadianbacn1,607 views,1224.0,5042.0,Apex Predator,18784.0,Bronze 4,0AP,Octane
630,pikosuke0708,2244 views,2303.0,29219.0,Apex Predator,17813.0,Bronze 4,0AP,Bloodhound
631,PredEverySeason-,157 views,385.0,1520.0,Apex Predator,17812.0,Apex Predator,9127AP,Wraith
632,Whotoilllol,401 views,266.0,36.0,Apex Predator,17804.0,Apex Predator,10919AP,Ash
633,Mamachax,350 views,1435.0,18515.0,Apex Predator,17801.0,Master,8023AP,Horizon
634,xiaclouzy,155 views,1494.0,139.0,Apex Predator,17797.0,Diamond 3,6828AP,Wraith
635,VENGER_YT,863 views,1388.0,14632.0,Apex Predator,17794.0,Bronze 4,1AP,Valkyrie
636,Ihavealife_yt,2651 views,3778.0,82.0,Apex Predator,17853.0,Bronze 4,0AP,Wraith
637,Syxxio,695 views,2353.0,70002.0,Apex Predator,17791.0,Bronze 4,0AP,Lifeline
638,Sanya_NAVI,534 views,1969.0,42086.0,Apex Predator,17791.0,Bronze 4,0AP,Pathfinder
639,mumei43,703 views,382.0,13.0,Apex Predator,17790.0,Bronze 4,0AP,Wattson
640,kometappi,425 views,1511.0,45.0,Apex Predator,17783.0,Master,8149AP,Wraith
641,OWOWOWOWOWOOWO,7683 views,2717.0,1.0,Apex Predator,17771.0,Bronze 4,0AP,Pathfinder
642,Royzyii,57 views,1087.0,8018.0,Apex Predator,18909.0,Bronze 4,0AP,Wraith
643,Vi0l37,202 views,1043.0,10908.0,Apex Predator,18942.0,Bronze 4,0AP,Octane
644,trapoutthelando,2314 views,4076.0,108874.0,Apex Predator,17752.0,Bronze 4,0AP,Pathfinder
645,YouTube-_-xTqCy,573 views,2770.0,4596.0,Apex Predator,17752.0,Bronze 4,0AP,Wraith
646,Dsxri,1483 views,3464.0,146.0,Apex Predator,17931.0,Bronze 3,620AP,Horizon
647,Curiharaa,7213 views,1800.0,28273.0,Apex Predator,17739.0,Bronze 4,0AP,Gibraltar
648,J_Ohanley,568 views,2379.0,30581.0,Apex Predator,18066.0,Platinum 2,5696AP,Gibraltar
649,IQ999999_RYOUSAN,855 views,2375.0,633.0,Apex Predator,18191.0,Gold 1,4762AP,Pathfinder
650,XDPersuasionDX,491 views,1922.0,15416.0,Apex Predator,17682.0,Bronze 4,0AP,Bangalore
651,Call_of_Dokata2,1000 views,788.0,3448.0,Apex Predator,17710.0,Master,8006AP,Horizon
652,dinerodreamzzz,1696 views,1685.0,24659.0,Apex Predator,17703.0,Bronze 4,0AP,Bangalore
653,MOB_Scypr,300 views,1616.0,21101.0,Apex Predator,17999.0,Diamond 3,6884AP,Wraith
654,yhtrhdjsi,501 views,1975.0,7165.0,Apex Predator,17699.0,Master,8321AP,Octane
655,sakhe,840 views,1552.0,23863.0,Apex Predator,18522.0,Bronze 4,0AP,Wraith
656,brv_zelkova_sly8,604 views,2534.0,37468.0,Apex Predator,18772.0,Bronze 2,970AP,Wraith
657,Parxbellum,3662 views,4041.0,97171.0,Apex Predator,17672.0,Bronze 4,0AP,Pathfinder
658,sdasdadassq,12 views,199.0,137.0,Apex Predator,19015.0,Diamond 4,6567AP,Wraith
659,DV_UmEasy,1830 views,3293.0,64809.0,Apex Predator,17657.0,Bronze 4,0AP,Wraith
660,Xednim,38641 views,2998.0,42750.0,Apex Predator,17654.0,Bronze 4,301AP,Lifeline
661,bubbamon-,1583 views,2814.0,44689.0,Apex Predator,17864.0,Bronze 4,0AP,Wraith
662,CR_Otu_LOG,190 views,995.0,12.0,Apex Predator,17641.0,Bronze 4,1AP,Wraith
663,Uc-YuChen,204 views,325.0,121.0,Apex Predator,17641.0,Bronze 4,0AP,Horizon
664,MlSTERARTHER,434 views,2556.0,17882.0,Apex Predator,18107.0,Bronze 4,0AP,Pathfinder
665,Twitch_HKSnipe,72 views,370.0,2069.0,Apex Predator,20196.0,Bronze 4,0AP,Octane
666,S12Pina,542 views,2099.0,218.0,Apex Predator,17605.0,Master,9003AP,Horizon
667,Skyyyyyyyyyyyym,1317 views,2571.0,33226.0,Apex Predator,18115.0,Bronze 4,0AP,Wraith
668,Hiroki_YT,553 views,1295.0,16047.0,Apex Predator,17588.0,Master,8211AP,Valkyrie
669,09270923,1840 views,1031.0,8040.0,Apex Predator,17681.0,Bronze 4,0AP,Wraith
670,britt_w,807 views,614.0,63.0,Apex Predator,17562.0,Gold 4,3500AP,Octane
671,ReedzFPS,1079 views,1730.0,19914.0,Apex Predator,17549.0,Bronze 1,1536AP,Wraith
672,Kittycatzii,1533 views,2063.0,485.0,Apex Predator,17548.0,Bronze 4,0AP,Wraith
673,qbryvn,1314 views,3012.0,61095.0,Apex Predator,18181.0,Bronze 4,0AP,Pathfinder
674,MacacoWhiteZz,353 views,2504.0,533.0,Apex Predator,17791.0,Bronze 4,0AP,Wraith
675,diffq,5487 views,2753.0,63016.0,Apex Predator,17521.0,Bronze 4,0AP,Wraith
676,MzH-pedro5375333,1055 views,3250.0,51160.0,Apex Predator,18029.0,Master,8969AP,Wattson
677,GURAN34_Twitch,144 views,1633.0,0.0,Apex Predator,18978.0,Gold 3,3621AP,Wraith
678,cocoro_no_taso,252 views,914.0,5152.0,Apex Predator,17494.0,Bronze 4,0AP,Wraith
679,Ageetate,1277 views,2394.0,14470.0,Apex Predator,17435.0,Bronze 4,0AP,Wraith
680,StageLag--,653 views,1670.0,21855.0,Apex Predator,17388.0,Platinum 2,5600AP,Wraith
681,itzPistolPete,1306 views,390.0,1395.0,Apex Predator,17475.0,Bronze 4,0AP,Crypto
682,WizardCoin23TTV,572 views,1280.0,19807.0,Apex Predator,17908.0,Bronze 4,0AP,Revenant
683,Koyuku,1628 views,1844.0,32279.0,Apex Predator,17649.0,Bronze 3,619AP,Octane
684,Lible_Ace,3332 views,2368.0,29251.0,Apex Predator,18213.0,Platinum 2,5600AP,Horizon
685,StayAggro,1781 views,2996.0,45514.0,Apex Predator,18210.0,Diamond 3,7116AP,Horizon
686,TD_ZeroNothing,505 views,1497.0,33519.0,Apex Predator,17443.0,Bronze 4,0AP,Wraith
687,x3meiji,138 views,478.0,999.0,Apex Predator,17439.0,Bronze 4,0AP,Wraith
688,Soggiewaffl3s_FB,3753 views,6417.0,83638.0,Apex Predator,17438.0,Bronze 4,0AP,Lifeline
689,CyqBot,2262 views,1905.0,53665.0,Apex Predator,17428.0,Bronze 4,1AP,Wraith
690,Its Ster,2135 views,1510.0,9572.0,Apex Predator,17630.0,Bronze 4,0AP,Octane
691,Amapex,795 views,1128.0,2019.0,Apex Predator,17419.0,Bronze 4,0AP,Horizon
692,niorii_,390 views,1687.0,19143.0,Apex Predator,17411.0,Platinum 3,5358AP,Wraith
693,ECLIPSE_spread,458 views,2298.0,612.0,Apex Predator,17400.0,Bronze 4,0AP,Caustic
694,Bda1st,1570 views,1765.0,7707.0,Apex Predator,17361.0,Platinum 3,5280AP,Wraith
695,Cephqlopod,269 views,1410.0,11109.0,Apex Predator,17335.0,Bronze 4,0AP,Octane
696,drippiy-,391 views,786.0,20022.0,Apex Predator,17451.0,Bronze 4,0AP,Wraith
697,l-ChickenWings-l,340 views,676.0,4123.0,Apex Predator,17257.0,Platinum 3,5426AP,Wraith
698,Bigbodyrenzo,846 views,980.0,43.0,Apex Predator,17296.0,Bronze 2,868AP,Bangalore
699,Tysqo,4523 views,1488.0,16290.0,Apex Predator,17353.0,Bronze 4,0AP,Lifeline
700,MrReckleton,984 views,2502.0,81.0,Apex Predator,17416.0,Diamond 1,7855AP,Wraith
701,NotMiyuki,339 views,1913.0,7724.0,Apex Predator,17333.0,Master,8322AP,Pathfinder
702,H0N35TY,103 views,1063.0,11654.0,Apex Predator,17497.0,Bronze 4,0AP,Wraith
703,J1ngYuQAQ,1 views,571.0,1.0,Apex Predator,17803.0,Bronze 4,0AP,Bloodhound
704,Aimbot2199,1597 views,580.0,9137.0,Apex Predator,17319.0,Bronze 4,0AP,Octane
705,ireqq-,876 views,1379.0,10900.0,Apex Predator,18152.0,Bronze 4,0AP,Wraith
706,Regret_kiririn,304 views,1990.0,21866.0,Apex Predator,17312.0,Bronze 4,0AP,Gibraltar
707,ART_C-137,7 views,134.0,288.0,Apex Predator,18396.0,Gold 1,4657AP,Octane
708,HirasawaYu1-_-,6949 views,2753.0,79939.0,Apex Predator,17299.0,Bronze 4,0AP,Bangalore
709,MMorningstargg,81 views,489.0,1919.0,Apex Predator,17923.0,Platinum 1,6059AP,Pathfinder
710,topshelf-x,1450 views,2670.0,28352.0,Apex Predator,17331.0,Bronze 4,0AP,Caustic
711,iamnoodlezs_TTV,472 views,1817.0,20251.0,Apex Predator,17389.0,Diamond 4,6423AP,Octane
712,Tyg_Ronin,2459 views,1684.0,3500.0,Apex Predator,17283.0,Bronze 4,0AP,Octane
713,znyyper,1596 views,2714.0,48127.0,Apex Predator,17282.0,Bronze 4,0AP,Wraith
714,PADplayerman,319 views,1282.0,14155.0,Apex Predator,17281.0,Bronze 4,0AP,Octane
715,Lightninnnnnnng,2180 views,2795.0,294.0,Apex Predator,17281.0,Bronze 4,0AP,Wraith
716,ttvTSoonami,1795 views,2850.0,78880.0,Apex Predator,18399.0,Bronze 4,0AP,Wraith
717,jodece,4521 views,3463.0,53599.0,Apex Predator,17275.0,Master,8281AP,Wraith
718,ixsectorxi,3057 views,5253.0,77835.0,Apex Predator,17272.0,Bronze 4,0AP,Gibraltar
719,KeyyyTTV,338 views,1688.0,24128.0,Apex Predator,17290.0,Platinum 2,5600AP,Horizon
720,ThatStankz,2148 views,1552.0,23855.0,Apex Predator,17261.0,Silver 4,1883AP,Bangalore
721,Leomayborn,868 views,1612.0,6.0,Apex Predator,17259.0,Bronze 3,638AP,Wraith
722,opainzy_,806 views,1801.0,1865.0,Apex Predator,17355.0,Bronze 4,0AP,Bangalore
723,ViizayFPS,4808 views,2107.0,37615.0,Apex Predator,18069.0,Bronze 4,0AP,Wraith
724,aryxyqboy,734 views,1310.0,13545.0,Apex Predator,17240.0,Bronze 4,0AP,Wraith
725,Vitaminshadow,4256 views,1950.0,23151.0,Apex Predator,17236.0,Bronze 1,1256AP,Wraith
726,ponhero__,1052 views,2549.0,28035.0,Apex Predator,17293.0,Platinum 1,6146AP,Pathfinder
727,u_goki_taku_nai,1890 views,2578.0,143.0,Apex Predator,17283.0,Master,10242AP,Wraith
728,dudddyy,3189 views,3077.0,34813.0,Apex Predator,17220.0,Master,9769AP,Gibraltar
729,Aiceu,699 views,1627.0,2294.0,Apex Predator,17404.0,Bronze 4,0AP,Wraith
730,Revanixxx,290 views,877.0,9763.0,Apex Predator,17138.0,Platinum 3,5200AP,Wraith
731,desyupi827,304 views,350.0,228.0,Apex Predator,17138.0,Bronze 4,0AP,Pathfinder
732,Crush_Kaori,171 views,2040.0,39926.0,Apex Predator,17174.0,Bronze 4,0AP,Wraith
733,AochasoN,1319 views,2709.0,29146.0,Apex Predator,17182.0,Bronze 4,0AP,Wraith
734,yoshino518,79 views,1010.0,10482.0,Apex Predator,17728.0,Bronze 4,0AP,Octane
735,TheDarkaufeu,833 views,3030.0,21.0,Apex Predator,17205.0,Platinum 3,5200AP,Wraith
736,xliilllillliilll,1851 views,2706.0,31509.0,Apex Predator,17211.0,Master,9373AP,Horizon
737,50sekiz_,718 views,2113.0,36428.0,Apex Predator,17204.0,Bronze 4,0AP,Wraith
738,DieNastied,229 views,767.0,6426.0,Apex Predator,17417.0,Bronze 4,0AP,Octane
739,Juusoplz,2287 views,2055.0,55260.0,Apex Predator,17177.0,Bronze 4,0AP,Wraith
740,TaaaaoDaGG,369 views,1213.0,10129.0,Apex Predator,17053.0,Bronze 4,0AP,Wraith
741,gh9styyyyy,431 views,836.0,12557.0,Apex Predator,17173.0,Bronze 4,0AP,Wraith
742,Airevely,1108 views,2741.0,33813.0,Apex Predator,17007.0,Bronze 4,0AP,Wraith
743,isxnder-,1418 views,2331.0,40234.0,Apex Predator,17172.0,Bronze 3,520AP,Wraith
744,Spiggg,170 views,945.0,15032.0,Apex Predator,17333.0,Bronze 4,0AP,Pathfinder
745,idevyce,1084 views,2445.0,40241.0,Apex Predator,17167.0,Bronze 4,0AP,Octane
746,Eden07,9633 views,2227.0,23986.0,Apex Predator,17550.0,Bronze 4,0AP,Wraith
747,Vflhunter,553 views,2242.0,26425.0,Apex Predator,17392.0,Bronze 4,0AP,Crypto
748,shaguma_red,191 views,1506.0,20357.0,Apex Predator,17153.0,Bronze 4,0AP,Wraith
749,F3Smokes,1248 views,1102.0,32070.0,Apex Predator,17153.0,Bronze 4,0AP,Bangalore
750,ognuzz,560 views,1568.0,35478.0,Apex Predator,17416.0,Bronze 4,0AP,Bangalore
751,umoshy,584 views,1575.0,21469.0,Apex Predator,17417.0,Master,8292AP,Wraith
752,ImJimma,3707 views,3206.0,38793.0,Apex Predator,17353.0,Bronze 4,0AP,Wraith
753,my_bad_owo,789 views,1345.0,13001.0,Apex Predator,17145.0,Bronze 4,0AP,Pathfinder
754,ImNaoki,1042 views,1565.0,9652.0,Apex Predator,17130.0,Bronze 4,1AP,Octane
755,Caltooshh,4550 views,3243.0,0.0,Apex Predator,17133.0,Apex Predator,8365AP,Wraith
756,ABaiBaiYo,704 views,2788.0,49928.0,Apex Predator,17601.0,Bronze 4,0AP,Pathfinder
757,DumplingGuyTV,338 views,1688.0,21417.0,Apex Predator,18285.0,Platinum 2,5708AP,Wraith
758,sytriiii,1028 views,1926.0,28440.0,Apex Predator,18226.0,Bronze 4,0AP,Wraith
759,kurvvi,164 views,628.0,5085.0,Apex Predator,17498.0,Apex Predator,9257AP,Horizon
760,Strom008,375 views,1434.0,88.0,Apex Predator,20968.0,Bronze 4,0AP,Octane
761,MGB_Naomi,168 views,835.0,8133.0,Apex Predator,17110.0,Bronze 4,0AP,Lifeline
762,Bardnewman,269 views,1612.0,11756.0,Apex Predator,17099.0,Bronze 4,0AP,Wraith
763,Ray-JacKal,1436 views,2215.0,35595.0,Apex Predator,17099.0,Bronze 4,0AP,Wraith
764,FoolboyBoom,782 views,1660.0,12539.0,Apex Predator,18245.0,Platinum 2,5600AP,Wraith
765,Double0negative,804 views,3780.0,50614.0,Apex Predator,17307.0,Bronze 4,0AP,Wraith
766,Letitgrrrrrrat,244 views,1291.0,15457.0,Apex Predator,17313.0,Platinum 2,5739AP,Wraith
767,Kai99jr,861 views,1380.0,11335.0,Apex Predator,17763.0,Bronze 4,0AP,Wraith
768,instincthits,2336 views,4094.0,90818.0,Apex Predator,17335.0,Bronze 4,0AP,Octane
769,T-BagueTTe-,771 views,2686.0,44587.0,Apex Predator,17427.0,Bronze 4,0AP,Wattson
770,Slayu_J,1375 views,1481.0,16635.0,Apex Predator,17066.0,Bronze 4,0AP,Wraith
771,dm-4-rankedboost,546 views,350.0,3961.0,Apex Predator,17165.0,Master,8009AP,Bangalore
772,ROCCOxD,291 views,919.0,9837.0,Apex Predator,17116.0,Bronze 4,0AP,Octane
773,z_Yakuza,21562 views,5546.0,147354.0,Apex Predator,17050.0,Master,10504AP,Horizon
774,Mzry_Sco,2099 views,1709.0,19956.0,Apex Predator,17049.0,Bronze 4,112AP,Wraith
775,MetaIcat,117 views,2167.0,36028.0,Apex Predator,16948.0,Bronze 4,0AP,Wraith
776,o3ooooooo,1894 views,1212.0,614.0,Apex Predator,17504.0,Bronze 4,0AP,Wraith
777,Ssinatraa,303 views,741.0,11283.0,Apex Predator,17004.0,Platinum 2,5920AP,Wraith
778,TTV_Wattsup,117 views,104.0,19.0,Apex Predator,17319.0,Bronze 4,0AP,Horizon
779,fluidsad-,833 views,2029.0,94.0,Apex Predator,16993.0,Platinum 1,6047AP,Valkyrie
780,Abbaeatskids,873 views,1306.0,16803.0,Apex Predator,17069.0,Platinum 2,5978AP,Wraith
781,TTV-DesireOCE,3064 views,1342.0,15270.0,Apex Predator,16983.0,Bronze 4,381AP,Bloodhound
782,RazrDeathAdderV2,162 views,121.0,804.0,Apex Predator,20342.0,Bronze 4,0AP,Octane
783,Xg_zluiminati-,863 views,4457.0,56152.0,Apex Predator,16969.0,Platinum 3,5200AP,Wraith
784,Prxvaii--,708 views,961.0,7783.0,Apex Predator,16968.0,Bronze 4,0AP,Bangalore
785,ZEXSGoriMachoBoy,997 views,2115.0,17552.0,Apex Predator,17119.0,Bronze 4,0AP,Lifeline
786,PxppyPlaytime,1017 views,1260.0,9913.0,Apex Predator,16793.0,Bronze 4,225AP,Horizon
787,JellieG0d,5164 views,3109.0,48790.0,Apex Predator,16953.0,Bronze 4,0AP,Pathfinder
788,Ghetto weirdo,1866 views,2483.0,46250.0,Apex Predator,16948.0,Platinum 2,5628AP,Pathfinder
789,Azhai3Down,85 views,639.0,5356.0,Apex Predator,18659.0,Diamond 3,6961AP,Bloodhound
790,XKR_zStorm,749 views,3263.0,2019.0,Apex Predator,16963.0,Bronze 4,351AP,Horizon
791,Flxinnn,523 views,776.0,8286.0,Apex Predator,19186.0,Master,8163AP,Octane
792,memespire,845 views,1375.0,13553.0,Apex Predator,18182.0,Bronze 4,0AP,Wraith
793,air-redrose,321 views,1764.0,18732.0,Apex Predator,17354.0,Bronze 4,0AP,Wraith
794,LunarSIG,285 views,1907.0,117.0,Apex Predator,16918.0,Bronze 4,0AP,Wraith
795,Yiuxxxxx,26 views,1238.0,12001.0,Apex Predator,16983.0,Bronze 4,0AP,Wraith
796,KICK_Hiarka,684 views,2202.0,28895.0,Apex Predator,16909.0,Bronze 4,0AP,Wraith
797,CritcalCondtion,153 views,1101.0,8147.0,Apex Predator,17039.0,Diamond 2,7345AP,Gibraltar
798,lin1innnn,1374 views,1491.0,18.0,Apex Predator,16899.0,Bronze 4,0AP,Pathfinder
799,Mc4_Aim,649 views,2120.0,30629.0,Apex Predator,16885.0,Bronze 4,217AP,Horizon
800,Luvvspooky,1651 views,2119.0,37002.0,Apex Predator,16785.0,Bronze 4,306AP,Horizon
801,yuxaii--,1443 views,2466.0,2352.0,Apex Predator,17723.0,Bronze 4,0AP,Horizon
802,yoAfter,245 views,2282.0,30583.0,Apex Predator,17599.0,Bronze 4,0AP,Wraith
803,chaoticbutpc,34779 views,1170.0,16993.0,Apex Predator,16879.0,Bronze 4,0AP,Pathfinder
804,SG-DaanOwnz,1147 views,2156.0,102.0,Apex Predator,16874.0,Platinum 1,6360AP,Octane
805,ZlPETH,4535 views,3391.0,75310.0,Apex Predator,16867.0,Bronze 4,0AP,Pathfinder
806,ttvanthinysucks,345 views,423.0,401.0,Apex Predator,17671.0,Bronze 4,61AP,Wraith
807,HVND_Goat,117 views,933.0,3848.0,Apex Predator,16850.0,Bronze 4,0AP,Valkyrie
808,jesssUp,250 views,1145.0,5.0,Apex Predator,17038.0,Bronze 4,0AP,Wraith
809,iSxiyajin-,1427 views,1088.0,26734.0,Apex Predator,16847.0,Bronze 4,1AP,Bangalore
810,l-MostWanted,1734 views,3895.0,86804.0,Apex Predator,16847.0,Master,9667AP,Lifeline
811,gibbyhitpathdead,1375 views,2307.0,30125.0,Apex Predator,16914.0,Master,9991AP,Horizon
812,iKoyaa,3415 views,2508.0,46604.0,Apex Predator,16837.0,Bronze 4,0AP,Wraith
813,dansyaqu,1082 views,1566.0,14525.0,Apex Predator,16836.0,Bronze 3,511AP,Octane
814,IMG_ZumachaN,530 views,2075.0,22253.0,Apex Predator,16822.0,Platinum 2,5600AP,Wraith
815,GOD_CHAOS_MASTER,2326 views,1346.0,9142.0,Apex Predator,16811.0,Platinum 4,5017AP,Bloodhound
816,thekineTV,4431 views,4827.0,103683.0,Apex Predator,16772.0,Bronze 4,0AP,Gibraltar
817,xiiraidz,837 views,3399.0,47560.0,Apex Predator,16865.0,Bronze 4,0AP,Horizon
818,Satyr567,403 views,1036.0,33.0,Apex Predator,18991.0,Gold 1,4472AP,Pathfinder
819,bili6587901WuXin,111 views,1378.0,17691.0,Apex Predator,16802.0,Bronze 4,0AP,Wraith
820,Twitch_HunselTV,2656 views,1366.0,3.0,Apex Predator,16742.0,Bronze 4,0AP,Pathfinder
821,saf_MattPickett,965 views,2273.0,37544.0,Apex Predator,16951.0,Bronze 4,0AP,Mirage
822,LDN_ToshiChan,1635 views,2637.0,24934.0,Apex Predator,17867.0,Bronze 4,0AP,Wraith
823,JohnnyMonsterFPS,611 views,1167.0,10243.0,Apex Predator,19371.0,Bronze 4,0AP,Pathfinder
824,ak_kenzo-,105 views,192.0,1788.0,Apex Predator,16912.0,Bronze 4,0AP,Pathfinder
825,Rusi12_ZZ,456 views,2292.0,20386.0,Apex Predator,18047.0,Master,8623AP,Bloodhound
826,Roar_KyKy1,134 views,2649.0,37420.0,Apex Predator,16549.0,Bronze 4,0AP,Wraith
827,Zakingst,770 views,1533.0,15515.0,Apex Predator,16988.0,Bronze 4,0AP,Pathfinder
828,PK_Hirose,1274 views,3049.0,35218.0,Apex Predator,16698.0,Bronze 4,0AP,Wraith
829,ImMarochan,246 views,1925.0,95.0,Apex Predator,16755.0,Bronze 3,686AP,Wraith
830,Sw1tchb1ades,1730 views,2705.0,23676.0,Apex Predator,17087.0,Diamond 1,7885AP,Wraith
831,proxeyy-,647 views,2116.0,15.0,Apex Predator,16743.0,Bronze 2,1198AP,Pathfinder
832,GARNiDE-Liq,140 views,1065.0,1711.0,Apex Predator,16741.0,Platinum 3,5200AP,Wraith
833,l-_-Axis-_-l,396 views,1931.0,47.0,Apex Predator,16730.0,Bronze 4,0AP,Horizon
834,Gurimon,814 views,1836.0,546.0,Apex Predator,16766.0,Platinum 3,5231AP,Horizon
835,TOR_Euriece,9050 views,3701.0,84072.0,Apex Predator,16727.0,Bronze 4,0AP,Pathfinder
836,Eredazey,585 views,1073.0,645.0,Apex Predator,16720.0,Silver 1,2802AP,Wraith
837,LastComBender,443 views,616.0,23.0,Apex Predator,17368.0,Platinum 3,5480AP,Crypto
838,KillerQueenS2i,900 views,1166.0,9414.0,Apex Predator,16636.0,Platinum 1,6069AP,Wraith
839,suxeed,751 views,1165.0,16.0,Apex Predator,16694.0,Bronze 4,0AP,Octane
840,yrvz-q-,438 views,837.0,3214.0,Apex Predator,16694.0,Platinum 4,5033AP,Wraith
841,Amphhy,1438 views,2046.0,30211.0,Apex Predator,16687.0,Bronze 4,90AP,Wraith
842,bigboyboil,1614 views,2004.0,26424.0,Apex Predator,16686.0,Platinum 3,5418AP,Wraith
843,DemiChase,1511 views,1614.0,12462.0,Apex Predator,16685.0,Bronze 4,0AP,Bloodhound
844,Kanowitz,328 views,1621.0,22518.0,Apex Predator,17523.0,Bronze 4,0AP,Wraith
845,sekaino_watabe19,916 views,987.0,4239.0,Apex Predator,16673.0,Diamond 2,7599AP,Octane
846,mini_arrow123,1990 views,2724.0,49.0,Apex Predator,16670.0,Master,8024AP,Wraith
847,horizonsmilkers,253 views,1104.0,341.0,Apex Predator,18758.0,Diamond 4,6406AP,Horizon
848,ZoTnTda,954 views,1538.0,9215.0,Apex Predator,18010.0,Bronze 4,0AP,Wraith
849,PGuytHGUJ,33 views,423.0,2231.0,Apex Predator,16662.0,Gold 3,3600AP,Wraith
850,xxgold-roger,1412 views,2544.0,60.0,Apex Predator,16349.0,Bronze 4,0AP,Lifeline
851,TAR9ET,1433 views,2594.0,106.0,Apex Predator,17667.0,Bronze 4,0AP,Wraith
852,J-Ritt,84 views,1563.0,14052.0,Apex Predator,16792.0,Bronze 4,0AP,Octane
853,jamss_jp,354 views,1961.0,30630.0,Apex Predator,16638.0,Bronze 4,0AP,Pathfinder
854,Ctrl_Something,4646 views,2511.0,22749.0,Apex Predator,16633.0,Platinum 2,5600AP,Wraith
855,RennesTW,865 views,1527.0,9501.0,Apex Predator,16569.0,Bronze 4,0AP,Lifeline
856,MattxxxBzVI,508 views,605.0,322.0,Apex Predator,16914.0,Bronze 4,0AP,Horizon
857,iStorXzi,851 views,2528.0,18.0,Apex Predator,16611.0,Bronze 4,0AP,Wraith
858,norguasanow-_-,1628 views,3203.0,135.0,Apex Predator,16609.0,Gold 3,3740AP,Lifeline
859,6spygoka9,49 views,438.0,0.0,Apex Predator,18625.0,Bronze 4,0AP,Horizon
860,AVzHuoAiBird,149 views,507.0,802.0,Apex Predator,16572.0,Bronze 4,0AP,Horizon
861,aaagoaaaa,580 views,1155.0,0.0,Apex Predator,16601.0,Silver 3,2151AP,Pathfinder
862,ThePapiTV,464 views,1243.0,2289.0,Apex Predator,16983.0,Bronze 4,0AP,Loba
863,zxcboqwe,13 views,124.0,828.0,Apex Predator,16582.0,Bronze 4,0AP,Mad Maggie
864,JayWillSlayy,3130 views,1891.0,81560.0,Apex Predator,16578.0,Diamond 3,6952AP,Lifeline
865,TerminalCFG,25 views,910.0,8111.0,Apex Predator,18547.0,Bronze 4,0AP,Lifeline
866,Mihoteao,385 views,1869.0,8326.0,Apex Predator,17378.0,Silver 1,3128AP,Octane
867,ThePapiTV,464 views,1243.0,2289.0,Apex Predator,16983.0,Bronze 4,0AP,Loba
868,zxcboqwe,13 views,124.0,828.0,Apex Predator,16582.0,Bronze 4,0AP,Mad Maggie
869,SynSlayy,3130 views,1891.0,81560.0,Apex Predator,16578.0,Diamond 3,6952AP,Lifeline
870,TerminalCFG,25 views,910.0,8111.0,Apex Predator,18547.0,Bronze 4,0AP,Lifeline
871,Mihoteao,385 views,1869.0,8326.0,Apex Predator,17378.0,Silver 1,3128AP,Octane
872,daipanman1224,267 views,760.0,6875.0,Apex Predator,16531.0,Bronze 4,0AP,Ash
873,WakeAndJakeOTL,779 views,978.0,6661.0,Apex Predator,17100.0,Bronze 4,0AP,Octane
874,doublewwwwww0,364 views,1195.0,19409.0,Apex Predator,16554.0,Bronze 4,0AP,Wraith
875,Roar_KyKy1,134 views,2649.0,37420.0,Apex Predator,16549.0,Bronze 4,0AP,Wraith
876,shemanos,886 views,1213.0,5734.0,Apex Predator,16548.0,Bronze 4,0AP,Bangalore
877,OzaOnCrack,1624 views,1354.0,12118.0,Apex Predator,17335.0,Platinum 2,5899AP,Pathfinder
878,Daspama,268 views,2265.0,16.0,Apex Predator,16658.0,Silver 2,2577AP,Pathfinder
879,Restia_TIA,7031 views,2411.0,37496.0,Apex Predator,16518.0,Bronze 4,0AP,Wraith
880,Melltage,4843 views,2882.0,1620.0,Apex Predator,17157.0,Bronze 4,0AP,Valkyrie
881,withoutSPRIT,1613 views,2028.0,36664.0,Apex Predator,16508.0,Bronze 3,631AP,Bangalore
882,lildd223,2399 views,2654.0,22421.0,Master,16505.0,Bronze 4,0AP,Pathfinder
883,Tierneywastaken,518 views,768.0,7142.0,Apex Predator,16504.0,Platinum 3,5285AP,Pathfinder
884,VV_Cepheiii,565 views,1548.0,11370.0,Apex Predator,16502.0,Gold 3,3818AP,Bloodhound
885,ttvbreaddogouo,120 views,1149.0,7540.0,Apex Predator,18569.0,Bronze 3,682AP,Horizon
886,ceobashar,158 views,1135.0,7460.0,Apex Predator,18831.0,Bronze 4,0AP,Valkyrie
887,Tox_-Mobius,575 views,2870.0,43783.0,Apex Predator,18120.0,Master,8980AP,Pathfinder
888,Juiced6969,33 views,1271.0,15511.0,Apex Predator,16269.0,Bronze 4,0AP,Wraith
889,ShuraMojiGreyrat,12119 views,4885.0,264.0,Apex Predator,16487.0,Bronze 4,0AP,Lifeline
890,SoaR_hoIIow,3213 views,3463.0,118833.0,Apex Predator,16821.0,Bronze 4,0AP,Wraith
891,ZeroOnVacation,406 views,1640.0,2250.0,Apex Predator,17858.0,Diamond 1,7732AP,Valkyrie
892,RXT_GloryLenX,89 views,451.0,3094.0,Apex Predator,16481.0,Bronze 4,1AP,Wraith
893,zcursedtv,3562 views,1829.0,22689.0,Apex Predator,16690.0,Bronze 4,194AP,Octane
894,spxctrals,2150 views,1957.0,31627.0,Apex Predator,16476.0,Bronze 4,0AP,Wraith
895,GuhDaaym,747 views,1456.0,18264.0,Apex Predator,16469.0,Bronze 4,0AP,Pathfinder
896,ImCleos,381 views,507.0,2770.0,Apex Predator,16469.0,Bronze 4,0AP,Octane
897,LovelyNocturne,1246 views,2313.0,84.0,Apex Predator,16464.0,Bronze 1,1344AP,Horizon
898,NegoFlay,374 views,1487.0,15681.0,Apex Predator,16458.0,Bronze 4,0AP,Pathfinder
899,RealxRico,32 views,510.0,890.0,Apex Predator,16378.0,Bronze 4,0AP,Wraith
900,Funny_Mqty,1358 views,1989.0,33268.0,Apex Predator,16443.0,Bronze 4,0AP,Valkyrie
901,show_xdx,1614 views,1620.0,21195.0,Apex Predator,16697.0,Platinum 3,5200AP,Wraith
902,Tixels-,653 views,2552.0,49543.0,Apex Predator,17972.0,Bronze 1,1388AP,Pathfinder
903,SaviourHeavier,3712 views,3648.0,18.0,Apex Predator,16423.0,Bronze 4,0AP,Wattson
904,Lutziana,6823 views,3330.0,48294.0,Apex Predator,16849.0,Bronze 4,0AP,Wraith
905,aligamer_xd,2685 views,3313.0,34110.0,Apex Predator,16941.0,Bronze 4,0AP,Gibraltar
906,NIKITAMASTIFF,1684 views,1705.0,1623.0,Apex Predator,16412.0,Platinum 3,5200AP,Revenant
907,ExpensiveNinjja,977 views,2662.0,44120.0,Apex Predator,16411.0,Bronze 4,0AP,Octane
908,HqppyHalloween,348 views,1728.0,19053.0,Apex Predator,17110.0,Bronze 4,0AP,Wraith
909,Kris-katalina,291 views,2232.0,14403.0,Apex Predator,17289.0,Bronze 4,0AP,Wraith
910,Aydaaaaaaaaaaan-,76 views,471.0,2665.0,Apex Predator,16477.0,Bronze 2,1019AP,Bloodhound
911,jaycracra,1986 views,1832.0,55.0,Apex Predator,16400.0,Bronze 4,0AP,Octane
912,Zahorfps,1838 views,2358.0,55488.0,Apex Predator,16388.0,Bronze 4,0AP,Horizon
913,vSlayder_,2649 views,3135.0,31227.0,Apex Predator,16666.0,Bronze 4,392AP,Wraith
914,NobIeDreams,2931 views,3083.0,57905.0,Apex Predator,16325.0,Platinum 4,4800AP,Bangalore
915,NS-Lilio666,1793 views,3313.0,252.0,Apex Predator,16381.0,Bronze 4,0AP,Seer
916,zmuulaa,4285 views,3525.0,526.0,Apex Predator,16381.0,Bronze 4,0AP,Seer
917,lnhumed,2520 views,2531.0,38221.0,Apex Predator,16372.0,Bronze 4,0AP,Wraith
918,yaIdyyy,2063 views,451.0,7032.0,Apex Predator,16372.0,Bronze 4,0AP,Loba
919,TryhardThor,104 views,1369.0,9050.0,Apex Predator,16371.0,Bronze 4,0AP,Wraith
920,Jn_OYO,1741 views,2251.0,7920.0,Apex Predator,17209.0,Bronze 4,0AP,Wraith
921,Acryii_,518 views,655.0,4931.0,Apex Predator,16955.0,Bronze 4,0AP,Octane
922,FA_inkya,1213 views,1797.0,24151.0,Apex Predator,16289.0,Bronze 4,0AP,Wraith
923,Biiit_CoiiN,69 views,1140.0,8295.0,Apex Predator,16433.0,Platinum 1,6290AP,Pathfinder
924,nogibingo464646,318 views,1421.0,9749.0,Apex Predator,16680.0,Platinum 4,4919AP,Valkyrie
925,North_Cheesy,577 views,1841.0,1919.0,Apex Predator,17905.0,Bronze 4,126AP,Caustic
926,Ajaxi7,871 views,1421.0,10387.0,Apex Predator,16347.0,Gold 2,4084AP,Wraith
927,rkrayzz,327 views,2007.0,41998.0,Apex Predator,16346.0,Bronze 4,0AP,Wraith
928,shughli,678 views,2193.0,43724.0,Apex Predator,16531.0,Bronze 4,0AP,Pathfinder
929,Green_For_Sale,469 views,1281.0,14224.0,Apex Predator,16718.0,Bronze 4,0AP,Bangalore
930,Rykaa78,5045 views,1606.0,9163.0,Apex Predator,16334.0,Bronze 4,0AP,Octane
931,itzYanzz_,3733 views,1572.0,2287.0,Apex Predator,16334.0,Silver 4,1638AP,Horizon
932,podurban2,385 views,1821.0,2766.0,Apex Predator,16425.0,Bronze 4,0AP,Bangalore
933,Touma-Kazusa3150,1176 views,2395.0,26810.0,Apex Predator,17877.0,Bronze 4,0AP,Gibraltar
934,jabwehtv,1137 views,2362.0,118.0,Apex Predator,16329.0,Diamond 2,7450AP,Lifeline
935,The2TONEPREDATOR,1187 views,1366.0,16450.0,Apex Predator,17509.0,Bronze 4,0AP,Octane
936,Mar9aRet,2701 views,2715.0,113.0,Apex Predator,16650.0,Bronze 4,0AP,Wraith
937,GangnamKing,3534 views,4161.0,89381.0,Apex Predator,16572.0,Platinum 3,5570AP,Wraith
938,amaxebi_ore,88 views,1786.0,8345.0,Apex Predator,16306.0,Bronze 4,0AP,Horizon
939,DJ_MUG1,1886 views,2065.0,20.0,Apex Predator,16271.0,Bronze 4,0AP,Wraith
940,Rognitem,60 views,782.0,4339.0,Apex Predator,16420.0,Bronze 2,1164AP,Wraith
941,54Classicnone,178 views,1553.0,9278.0,Apex Predator,16600.0,Diamond 2,7536AP,Wraith
942,neriri_,1074 views,2052.0,202.0,Apex Predator,16203.0,Bronze 4,109AP,Horizon
943,zLineyTv,1510 views,3022.0,38885.0,Apex Predator,16277.0,Silver 4,1739AP,Bloodhound
944,GoddessMiikasa--,1342 views,1357.0,38967.0,Apex Predator,16272.0,Diamond 4,6739AP,Bangalore
945,streetgothic,3940 views,1954.0,23150.0,Apex Predator,16271.0,Bronze 4,0AP,Wraith
946,etherqx,934 views,1724.0,13911.0,Apex Predator,16648.0,Bronze 4,0AP,Wraith
947,XtN-Sauvage,2881 views,1881.0,636.0,Apex Predator,16254.0,Bronze 4,0AP,Octane
948,Chensou_otousan,255 views,930.0,17617.0,Apex Predator,16253.0,Bronze 4,0AP,Pathfinder
949,Piayer0012,75 views,138.0,1007.0,Apex Predator,16246.0,Master,8230AP,Pathfinder
950,thaGxaeL,899 views,2664.0,39420.0,Apex Predator,16631.0,Bronze 4,0AP,Bangalore
951,ankiz_0,231 views,1238.0,1018.0,Apex Predator,15773.0,Bronze 4,0AP,Wraith
952,tunechi-is-turnt,3737 views,3773.0,79.0,Apex Predator,16753.0,Bronze 4,0AP,Octane
953,exsiaf_,220 views,1239.0,13619.0,Apex Predator,16229.0,Bronze 4,0AP,Wraith
954,SXN_sxnoxx,573 views,2550.0,169.0,Apex Predator,16228.0,Master,8802AP,Wraith
955,MDY_FeiJu,3249 views,916.0,32951.0,Apex Predator,16227.0,Bronze 4,0AP,Pathfinder
956,utyuzin2468,426 views,1679.0,7392.0,Apex Predator,18036.0,Bronze 4,0AP,Pathfinder
957,Tha_Sarge___,182 views,1656.0,26698.0,Apex Predator,16749.0,Platinum 2,5766AP,Pathfinder
958,L4xFPS,2538 views,2657.0,47759.0,Apex Predator,16218.0,Bronze 4,0AP,Wraith
959,OrtXI-,2218 views,1468.0,15035.0,Apex Predator,16268.0,Bronze 4,0AP,Bangalore
960,Valkyrrie__,2562 views,2335.0,13620.0,Apex Predator,16148.0,Bronze 4,0AP,Valkyrie
961,unilityy,1940 views,2229.0,76.0,Apex Predator,16176.0,Bronze 4,0AP,Pathfinder
962,LuckGuy,2787 views,2752.0,65092.0,Apex Predator,16206.0,Diamond 4,6715AP,Lifeline
963,ImCordero,1341 views,3309.0,50691.0,Apex Predator,16486.0,Bronze 4,0AP,Octane
964,LovelySumtysweet,853 views,2795.0,25888.0,Apex Predator,17050.0,Bronze 1,1540AP,Wraith
965,NielsOGee,3 views,1079.0,14854.0,Apex Predator,16198.0,Bronze 4,0AP,Loba
966,Sunztreak,1944 views,1105.0,23815.0,Apex Predator,16193.0,Bronze 4,0AP,Wraith
967,V_Hydroplane,10756 views,4175.0,85224.0,Apex Predator,16192.0,Platinum 4,4800AP,Fuse
968,Mxnuett,1465 views,4063.0,308.0,Apex Predator,16182.0,Bronze 4,0AP,Wraith
969,chxllly,421 views,2778.0,45688.0,Apex Predator,16179.0,Bronze 4,0AP,Horizon
970,Walex0tv,604 views,1589.0,32683.0,Apex Predator,16177.0,Bronze 4,0AP,Valkyrie
971,unilityy,1942 views,2229.0,76.0,Apex Predator,16176.0,Bronze 4,0AP,Pathfinder
972,Llliquid_ninja,88 views,968.0,7554.0,Apex Predator,17236.0,Bronze 4,0AP,Pathfinder
973,AyuumUUUUU,165 views,805.0,13024.0,Apex Predator,15990.0,Bronze 4,0AP,Wraith
974,solo liquetv,1190 views,3703.0,66415.0,Apex Predator,16505.0,Bronze 2,1053AP,Lifeline
975,iTsRax-ta,2124 views,1825.0,8724.0,Apex Predator,16168.0,Platinum 3,5598AP,Wraith
976,OhDoloTV,102 views,1516.0,25571.0,Apex Predator,16340.0,Bronze 4,0AP,Wraith
977,LusXD,531 views,993.0,2866.0,Apex Predator,16251.0,Bronze 4,0AP,Octane
978,1m_Sexy,111 views,1329.0,17.0,Apex Predator,16151.0,Platinum 2,5718AP,Bangalore
979,7IOuc,15 views,729.0,192.0,Apex Predator,17364.0,Bronze 4,0AP,Wraith
980,Ettimaaaaaaaan,309 views,2791.0,69.0,Apex Predator,15863.0,Bronze 4,0AP,Wraith
981,Valkyrrie__,2563 views,2335.0,13620.0,Apex Predator,16148.0,Bronze 4,0AP,Valkyrie
982,Down4,25 views,835.0,9578.0,Apex Predator,18506.0,Platinum 2,5600AP,Wraith
983,RTPOblivion,352 views,1306.0,22172.0,Apex Predator,16692.0,Bronze 4,0AP,Wraith
984,USG_Anemone,2482 views,3990.0,58452.0,Apex Predator,16576.0,Bronze 4,0AP,Wraith
985,Twelve-peachz,14 views,442.0,16.0,Apex Predator,17569.0,Diamond 4,6713AP,Wattson
986,Twitch_KAPIBARA,802 views,1908.0,554.0,Apex Predator,16207.0,Bronze 4,0AP,Pathfinder
987,BluAbstract,6737 views,3740.0,804.0,Apex Predator,16112.0,Bronze 4,0AP,Ash
988,feitan_3,52 views,1692.0,22590.0,Apex Predator,16544.0,Bronze 4,0AP,Pathfinder
989,AstrooVert,684 views,2086.0,23732.0,Apex Predator,16102.0,Bronze 2,805AP,Wraith
990,VincenT_Gogh,1529 views,3038.0,44673.0,Apex Predator,16511.0,Bronze 4,0AP,Wraith
991,gammz_,553 views,1486.0,10134.0,Apex Predator,16023.0,Platinum 2,5753AP,Bloodhound
992,CR_Ras_LOG,85411 views,2411.0,102622.0,Apex Predator,16088.0,Bronze 4,0AP,Wraith
993,ANONYMOUS-x_v,707 views,1536.0,24611.0,Apex Predator,16087.0,Bronze 4,0AP,Wraith
994,Awk_xdwells-_-,172 views,1756.0,28871.0,Apex Predator,19073.0,Platinum 4,4845AP,Pathfinder
995,aespawintxr,929 views,2501.0,23548.0,Apex Predator,16080.0,Bronze 3,506AP,Pathfinder
996,Twitch-jnr_,262 views,1552.0,11703.0,Apex Predator,16320.0,Bronze 4,0AP,Bloodhound
997,uwu-ragex,3337 views,2373.0,4931.0,Apex Predator,16071.0,Master,8052AP,Wraith
998,Strawpico,2588 views,1814.0,39137.0,Apex Predator,16070.0,Bronze 4,0AP,Pathfinder
999,cr_jan_log,44 views,143.0,17.0,Apex Predator,17906.0,Gold 1,4614AP,Bangalore
1000,TSM_lmperial0pe,1813 views,3103.0,36842.0,Apex Predator,16066.0,Bronze 4,0AP,Horizon
1001,YouTube_poniponi,320 views,687.0,3723.0,Apex Predator,16065.0,Bronze 4,0AP,Horizon
1002,RxC_kanata,1529 views,1315.0,12233.0,Apex Predator,16295.0,Bronze 4,0AP,Pathfinder
1003,LINR2KBC,3605 views,609.0,23.0,Apex Predator,16051.0,Bronze 4,0AP,Bangalore
1004,Bananaaann,156 views,815.0,1987.0,Apex Predator,15962.0,Master,8011AP,Horizon
1005,Mirage style,2828 views,2181.0,86.0,Apex Predator,16049.0,Master,8074AP,Mirage
1006,TheBigPolloTV,611 views,2099.0,147.0,Apex Predator,16889.0,Bronze 4,1AP,Bangalore
1007,kaotiikk--,805 views,2051.0,2.0,Apex Predator,16299.0,Bronze 4,0AP,Bangalore
1008,SyQuu-,4869 views,4407.0,85971.0,Apex Predator,15858.0,Bronze 4,188AP,Bangalore
1009,IN___17,1411 views,1420.0,148.0,Apex Predator,16038.0,Bronze 4,0AP,Horizon
1010,HackedByJermiahh,376 views,483.0,2410.0,Apex Predator,16037.0,Apex Predator,10455AP,Horizon
1011,Iamerutyoko,48 views,1516.0,9525.0,Apex Predator,17446.0,Bronze 4,0AP,Wraith
1012,MavelickAres,1402 views,2811.0,31090.0,Apex Predator,15872.0,Silver 1,3172AP,Octane
1013,Nsr-konnan,350 views,2371.0,183.0,Apex Predator,16117.0,Bronze 4,0AP,Wraith
1014,OvP Shux,269 views,2545.0,43618.0,Apex Predator,16032.0,Bronze 4,0AP,Gibraltar
1015,basic-purr2,844 views,1327.0,7396.0,Apex Predator,16187.0,Diamond 3,6922AP,Wraith
1016,ZxMoore,1836 views,778.0,5738.0,Apex Predator,16125.0,Platinum 1,6078AP,Wraith
1017,Wetwipesss,526 views,1309.0,5383.0,Apex Predator,16232.0,Apex Predator,9181AP,Pathfinder
1018,Kiii_788,5860 views,3830.0,92235.0,Apex Predator,16351.0,Bronze 4,0AP,Pathfinder
1019,forceewut,3513 views,3383.0,25511.0,Apex Predator,15947.0,Bronze 4,0AP,Pathfinder
1020,goriartlikeyou,564 views,1550.0,1049.0,Apex Predator,15912.0,Bronze 3,465AP,Wraith
1021,k2x225,825 views,1800.0,21377.0,Apex Predator,16108.0,Bronze 4,0AP,Wraith
1022,Of_Importance,1150 views,1170.0,6783.0,Apex Predator,16012.0,Bronze 4,0AP,Gibraltar
1023,awhlyssa,4200 views,1986.0,18183.0,Apex Predator,16007.0,Bronze 4,0AP,Loba
1024,D-XIl_ChaosBrave,315 views,1292.0,10970.0,Apex Predator,16453.0,Platinum 2,5966AP,Wraith
1025,aPog_FA,1782 views,2031.0,13305.0,Apex Predator,16001.0,Platinum 2,5941AP,Wraith
1026,TL_Gild,2335 views,1177.0,15850.0,Apex Predator,16001.0,Bronze 4,205AP,Bloodhound
1027,Lapisdia,76 views,141.0,616.0,Apex Predator,16384.0,Master,8700AP,Horizon
1028,tommy_fussball,956 views,2280.0,16814.0,Apex Predator,15996.0,Bronze 4,0AP,Wraith
1029,izuna2k,556 views,676.0,8863.0,Apex Predator,17389.0,Platinum 4,4800AP,Wraith
1030,srehling1,1002 views,1595.0,216.0,Apex Predator,16593.0,Platinum 3,5564AP,Horizon
1031,Fuzotl,1330 views,2483.0,29550.0,Apex Predator,15986.0,Master,8130AP,Bangalore
1032,L8rzln,401 views,3421.0,33977.0,Apex Predator,15901.0,Silver 3,2260AP,Octane
1033,Sxrii,163 views,1500.0,17884.0,Apex Predator,16068.0,Bronze 4,0AP,Gibraltar
1034,Crow_mochio2468,221 views,1784.0,15389.0,Apex Predator,17129.0,Bronze 4,0AP,Horizon
1035,ISYJE,1264 views,2303.0,19473.0,Apex Predator,15976.0,Bronze 4,0AP,Wraith
1036,FatimaGuuu,139 views,1246.0,15489.0,Apex Predator,15955.0,Bronze 4,0AP,Wraith
1037,namepuso_659,474 views,1208.0,15786.0,Apex Predator,15757.0,Bronze 4,0AP,Wraith
1038,M1NIZAA,4057 views,1843.0,193.0,Apex Predator,15997.0,Platinum 2,5600AP,Wraith
1039,vvCeni,984 views,1783.0,19908.0,Apex Predator,15968.0,Bronze 4,0AP,Wraith
1040,NeFuty,1104 views,2461.0,20736.0,Apex Predator,16635.0,Bronze 4,0AP,Wraith
1041,sail__fell,82 views,2652.0,21451.0,Apex Predator,16109.0,Bronze 4,0AP,Wraith
1042,VVtF_iTz_RichaTV,662 views,2856.0,49758.0,Apex Predator,16100.0,Bronze 4,381AP,Loba
1043,etanimrheT,547 views,1663.0,5557.0,Apex Predator,16230.0,Diamond 4,6449AP,Octane
1044,JohnDupee_22,194 views,1801.0,23761.0,Apex Predator,16035.0,Bronze 4,0AP,Wraith
1045,YIcHeng_BIli,312 views,1456.0,15469.0,Apex Predator,16753.0,Bronze 4,0AP,Wraith
1046,Partythannimal,679 views,662.0,44.0,Apex Predator,16515.0,Platinum 2,5638AP,Bloodhound
1047,CPCullen,145 views,1834.0,12223.0,Apex Predator,19055.0,Bronze 4,0AP,Wraith
1048,literal_moisture,470 views,2653.0,23548.0,Apex Predator,15897.0,Bronze 4,215AP,Octane
1049,ChlorineDrinker2,40 views,238.0,34.0,Apex Predator,16032.0,Bronze 4,0AP,Wraith
1050,Solomanc,409 views,1482.0,12442.0,Apex Predator,16147.0,Bronze 4,0AP,Bloodhound
1051,n9x darth,508 views,2074.0,13.0,Apex Predator,15885.0,Platinum 4,5093AP,Loba
1052,OA_BoxOTea,237 views,1994.0,24989.0,Apex Predator,19829.0,Bronze 4,0AP,Wraith
1053,Rcrnz,28 views,291.0,4920.0,Apex Predator,15785.0,Bronze 4,0AP,Pathfinder
1054,Dear-philip,31 views,865.0,4234.0,Apex Predator,15831.0,Diamond 4,6476AP,Bangalore
1055,Nyllr_,1776 views,1992.0,12402.0,Apex Predator,15994.0,Diamond 3,7106AP,Wraith
1056,kizakizst,3044 views,2377.0,18096.0,Apex Predator,15880.0,Platinum 2,5696AP,Octane
1057,fps_freeek,977 views,1764.0,11723.0,Apex Predator,15878.0,Bronze 4,0AP,Gibraltar
1058,Whisper_PANTHERA,420 views,1698.0,16142.0,Apex Predator,16639.0,Bronze 4,0AP,Octane
1059,marine_oven,1053 views,2361.0,11772.0,Apex Predator,16481.0,Diamond 4,6703AP,Wraith
1060,TTVVindictive_c,77 views,1921.0,14012.0,Apex Predator,19250.0,Bronze 4,0AP,Wattson
